round,train_loss,grad_sq,upload_mb,download_mb,payload_fraction,fed_brier,fed_auroc,fed_f1,fed_f1_best_threshold,fed_auprc,fed_auprc_lift,fed_f1_best,fed_ece,fed_prevalence,global_auroc,global_auprc,global_auprc_lift,global_f1,global_f1_best,global_f1_best_threshold,global_ece,global_brier,global_prevalence,divergence_total,dispersion_abs,divergence_slow,divergence_medium,divergence_fast
1.0,0.63074983110488,0.12056736653936191,3.66096,3.66096,1.0,0.10957882107142505,0.6601040515073012,0.0,0.2554863169798694,0.22127214462560438,1.9541167643229453,0.29062672545949586,0.10810627782196518,0.11519576986025432,0.6544186820375029,0.21402121848335234,1.8790930579079663,0.0,0.27513672696676483,0.25376200675964355,0.10928400665933358,0.10906826491022913,0.11389601892395189,0.019681098151326612,2.1428928893001284,0.018786476933967088,0.020386760313328915,0.007800138693953872
2.0,0.6337944509963949,0.4236231152528955,7.32192,7.32192,1.0,0.10278853914389807,0.6660610617391438,0.0,0.22499172445412444,0.22976818174851402,2.039024867276969,0.30052107278323803,0.07430150065323436,0.11519576986025432,0.6616586489892746,0.22088901916462444,1.9393919230145484,0.0,0.2865039152464302,0.23112262785434723,0.07514742705490084,0.10229518798572246,0.11389601892395189,0.013263236840987938,1.5150608770782128,0.013737173246731012,0.013019915534661279,0.005045217124746795
3.0,0.6324023599892603,0.5079343900812445,10.98288,10.98288,1.0,0.10323643609884553,0.6678868946522982,0.003261572034076126,0.2306783411187068,0.23145050846728238,2.0480801114575047,0.3029989740210739,0.07737274473549682,0.11519576986025432,0.663586069084531,0.22335395368075858,1.9610338955735713,0.0008833922261484099,0.28509719222462204,0.2333984076976776,0.07870911494534162,0.10281212910070707,0.11389601892395189,0.01077160651097139,1.2906573657528497,0.011354929870428217,0.010409265408339566,0.005817287497777445
4.0,0.6330544661944191,0.5332111921706187,14.64384,14.64384,1.0,0.10252034071841236,0.6720167624601283,0.0075826295114149985,0.22389795476117902,0.23648079853682827,2.10277646578783,0.30735090071751947,0.07452279564880102,0.11519576986025432,0.6626829603393652,0.22373129612733084,1.964346938910268,0.014847161572052401,0.2831516489581896,0.2240530401468277,0.0752709741129548,0.10225774088332047,0.11389601892395189,0.009179028860325953,1.1566036845906638,0.009553198669795478,0.008938631796367318,0.0056632606060511145
5.0,0.6343872144324391,0.5214455170140893,18.3048,18.3048,1.0,0.10332097197158785,0.6724524906247737,0.007602192456294508,0.23333944451008998,0.23915881415947338,2.125558124546377,0.3097982406298665,0.08119369081047871,0.11519576986025432,0.6620925588327082,0.22510634689187065,1.9764197995557127,0.01828471919895516,0.2821344339622641,0.23056350648403168,0.0811924299884154,0.10306054201646855,0.11389601892395189,0.009229142380957166,1.2231225483701564,0.008662718409098996,0.009690924260906297,0.005395180148163038
6.0,0.63167565114185,0.4776693176459026,21.96576,21.96576,1.0,0.10107426345572447,0.6751692446930995,0.010441071132604268,0.21780248170447233,0.24207914701615815,2.153012152685098,0.3102917005963252,0.06702622488618505,0.11519576986025432,0.6626300644002725,0.22429507550138522,1.9692968869363778,0.025043177892918825,0.28289380905373007,0.21699418127536774,0.06636946998407967,0.10094915242908663,0.11389601892395189,0.008795808741960736,1.2331229451519903,0.00792811396418701,0.009497005731278499,0.006466225360623856
7.0,0.6379250681977838,0.5972824846445636,25.62672,25.62672,1.0,0.09996921264904894,0.6761085419386591,0.016271134500897802,0.21357083448655478,0.2436713603904254,2.1602198486079778,0.31244472969649045,0.06096271898029516,0.11519576986025432,0.662573114988267,0.22454644576644792,1.9715039023126617,0.02330599913681485,0.28462585034013604,0.20339027047157288,0.058655454990219597,0.09991328259274439,0.11389601892395189,0.008750284664906786,1.2978108197567053,0.007678065882078337,0.009648256385799407,0.005444934821223437
8.0,0.6448203935954562,0.6519662955267644,29.28768,29.28768,1.0,0.09972627966112521,0.6788317501004317,0.02719668127665722,0.208468274549297,0.2465131861359026,2.1860233544374728,0.3120714150649446,0.05835507244756228,0.11519576986025432,0.6628364777825259,0.2247702194483273,1.973468621395853,0.03654908627284318,0.28434197886647455,0.20182093977928162,0.058440323654693274,0.09983524933576728,0.11389601892395189,0.008019294289941413,1.257775014732033,0.007132930675680363,0.008786220374296848,0.0059279947023987475
9.0,0.6386942746201238,0.7194818639823329,32.94864,32.94864,1.0,0.10011451050782444,0.681211638766713,0.026311672796411494,0.21215042346099092,0.2506278060929457,2.221729045182647,0.3173390808962595,0.06344067641648467,0.11519576986025432,0.6623038539516893,0.22552784740775064,1.9801205480091018,0.032520325203252036,0.28596312962694154,0.2081378549337387,0.06334471937053916,0.10039605683617352,0.11389601892395189,0.008045365394116486,1.3323117177351378,0.00675747292065611,0.009195767323827087,0.005600450086003723
10.0,0.6374384683323557,0.6984320209205015,36.6096,36.6096,1.0,0.09919583959661295,0.6816445101422411,0.028674943239553247,0.2125395586831165,0.25441921079557356,2.255296201950912,0.3195810380473901,0.05934766485342546,0.11519576986025432,0.6614677718282779,0.22537892576918794,1.9788130252355258,0.035057716973065416,0.2858323007021892,0.19654443860054016,0.05724611761849686,0.09964645610617932,0.11389601892395189,0.008349785795953343,1.4620718117512297,0.006396908533425186,0.010150846890955224,0.0050034090908450965
11.0,0.6412467417214247,0.8000789300307929,40.27056,40.27056,1.0,0.09949864563137736,0.6838393549421,0.04587470217464168,0.21429351219715345,0.2562617665431125,2.269790643621473,0.32299049529085444,0.06158504761210486,0.11519576986025432,0.6628082289666546,0.22507315046630078,1.9761283369928988,0.05168820341809087,0.28547177818644787,0.20176732540130615,0.060967992769874024,0.1001384835025741,0.11389601892395189,0.008086147334620384,1.505379304930102,0.006472420727377592,0.009598716974980853,0.005668983784840069
12.0,0.6336803107938205,0.8344428570212568,43.93152,43.93152,1.0,0.10044950647852857,0.6854976109912977,0.058827854192359114,0.21651232599026457,0.2577337035857458,2.26752050679107,0.3237802517134911,0.06936852828776913,0.11519576986025432,0.6624956848710185,0.2246754890673418,1.9726368945112744,0.0670756646216769,0.2853631895139268,0.20820756256580353,0.0692774638517843,0.10135719198212861,0.11389601892395189,0.007490364071258161,1.47735284655937,0.005851636706779718,0.009060499091995735,0.0048252347006039215
13.0,0.6294556986403907,0.9186331315488241,47.59248,47.59248,1.0,0.10024189736668036,0.6869828801841212,0.08901337081781854,0.229856232036035,0.2612231375601262,2.3072199214971403,0.3237656510209522,0.0687857463808847,0.11519576986025432,0.6611028212221669,0.2232465952855699,1.9600912955055183,0.09968847352024922,0.2834245006996565,0.203333780169487,0.06812894745076499,0.10179177368770721,0.11389601892395189,0.0074440663529096295,1.5496997713926248,0.005598610953757594,0.009231568639395499,0.0066950879062510705
14.0,0.6300275900392263,1.0612444778035233,51.25344,51.25344,1.0,0.09900874046692668,0.6882071391743089,0.11353384406121736,0.21953377704567903,0.2638164580252878,2.3310786456443453,0.3245660117130719,0.059523399539965334,0.11519576986025432,0.6625477776451998,0.22462234360613687,1.9721702806497274,0.11933534743202417,0.2857578530039646,0.21011486649513245,0.05863453689702948,0.10072459361446759,0.11389601892395189,0.006826322465612122,1.5055932321993168,0.005091269353518439,0.008543410236040336,0.004990926954098161
15.0,0.6363349506230597,1.1834148690354973,54.9144,54.9144,1.0,0.0987745476389859,0.6883565422311849,0.09124718871610747,0.21051864656928684,0.2662160178151325,2.347808072159644,0.326735123048201,0.0605221260897135,0.11519576986025432,0.6621245975830057,0.22453364058424247,1.9713914736050877,0.09076558800315707,0.28559381588193955,0.1976931095123291,0.060035243809370926,0.10029246574057793,0.11389601892395189,0.007060977728327447,1.6367019296158105,0.004809059809067896,0.009328043966420481,0.005121612412535319
16.0,0.6390682549385008,1.181691774470918,58.57536,58.57536,1.0,0.0987161645391838,0.6896838682082433,0.08915360426660493,0.2169674954821612,0.26818964473398366,2.3627859686102552,0.3297356492676151,0.06085235944943345,0.11519576986025432,0.6617850219683172,0.22445335229654526,1.9706865474061235,0.0880253766851705,0.28609483217900905,0.2016717791557312,0.059252944807783786,0.1005320340417502,0.11389601892395189,0.006268686680344601,1.5341539162036497,0.0043353871641362805,0.00822024714892906,0.004726381996763839
17.0,0.6405973035175953,1.2454463816712076,62.23632,62.23632,1.0,0.09793261154704426,0.691190944459113,0.06119792895276013,0.22012514868043206,0.27319666245968144,2.4106238341167403,0.33228404103888776,0.05703433350584045,0.11519576986025432,0.6613536220152321,0.22478384462191775,1.9735882495770587,0.06644790812141099,0.28676366718463064,0.20201937854290009,0.05418355594426122,0.09973596072029191,0.11389601892395189,0.0061614926289040054,1.587102354853414,0.004176044659079918,0.008186060011254772,0.004039438619952199
18.0,0.6424627367156948,1.1866528875736058,65.89728,65.89728,1.0,0.09902025278074246,0.6911945658771509,0.11357708701521656,0.22442954358257036,0.2720995482956807,2.3955101079667998,0.3284968352312358,0.06388731587673034,0.11519576986025432,0.6589661390191117,0.22075687192336013,1.938231678411508,0.10510164940544688,0.28170579247117655,0.20906861126422882,0.0635339703607356,0.10159495355253648,0.11389601892395189,0.005682963774959188,1.5358019626219175,0.003776996905526945,0.007640913221389855,0.004395487105920253
19.0,0.629473731950411,1.358566879616001,69.55824,69.55824,1.0,0.09718998831213321,0.6923078176462358,0.0884714444418318,0.22282092405025142,0.2751230892652124,2.419427508408922,0.32848406959653265,0.051197318164342115,0.11519576986025432,0.6592664975971062,0.21950070841077052,1.927202640483252,0.08498808578236695,0.28163992869875226,0.19537530839443207,0.048577583476644565,0.09962970151389704,0.11389601892395189,0.005767934193846701,1.6412706039263867,0.003468372939809418,0.008142313172383127,0.003633593802591635
20.0,0.6440351621268443,1.4477138877932174,73.2192,73.2192,1.0,0.09747896824908395,0.695728714354344,0.08805940529280992,0.22420148113884342,0.28109806483292155,2.4782681443394603,0.3320439791336249,0.05688627877895384,0.11519576986025432,0.6596903051318874,0.22245294287156964,1.9531230764097292,0.0884109916367981,0.284,0.2109675258398056,0.05430900566972674,0.10020115910637845,0.11389601892395189,0.005931047503880942,1.7727452806429937,0.0035054415003552544,0.008436078997800339,0.0037587584266646026
21.0,0.6414905694106028,1.4440148331401061,76.88016,76.88016,1.0,0.09622396417551736,0.6953225398326837,0.06514952180084457,0.21825278954620053,0.28305761805195445,2.482941356022081,0.3296530466739047,0.04673349700753693,0.11519576986025432,0.660205271884123,0.2227085277840266,1.9553670961293965,0.06560065600656007,0.281282316442606,0.19173695147037506,0.04225274630210968,0.09867123989940516,0.11389601892395189,0.005030409565572867,1.574090841691941,0.0031467886745544455,0.006974989077775562,0.0043285226729706675
22.0,0.6566309663513232,1.5915838082314284,80.54112,80.54112,1.0,0.09875432258563906,0.6959434150016803,0.08394493875015208,0.2513456577980352,0.2826485628767732,2.48729069761585,0.33204481787251905,0.06834022074562149,0.11519576986025432,0.6587754751987946,0.21967240823087886,1.9287101542816314,0.07833733013589128,0.28225538971807634,0.23527105152606964,0.0657830588515636,0.10161202670148888,0.11389601892395189,0.004760301569399431,1.5622914484556532,0.0030909590071218442,0.006494066024528966,0.0025029078624167105
23.0,0.6319185308584518,1.3720844430365549,84.20208,84.20208,1.0,0.09701135282745413,0.6976911846385049,0.10253348752486446,0.2139288564869811,0.2850055798786223,2.5030023325280766,0.3356119592859072,0.05530033320223463,0.11519576986025432,0.658672557145058,0.22120736155610712,1.9421869495175839,0.09784735812133072,0.2808286747780335,0.21049465239048004,0.05234149959568524,0.10003211324953024,0.11389601892395189,0.004567169570778855,1.5653611607122002,0.0028701143863295074,0.006334693371749203,0.0025771807598736537
24.0,0.6485883920891813,1.9255795779288385,87.86304,87.86304,1.0,0.09755061168204862,0.6994849565668921,0.1137690681668051,0.21941178214603677,0.28722914897479257,2.525017400739415,0.33196424788444545,0.05959737655269007,0.11519576986025432,0.6573211819836657,0.2184739602119432,1.918187854817101,0.10003877471888328,0.2806573957016435,0.1968226581811905,0.058129506640273484,0.10115352411129024,0.11389601892395189,0.004687075689826961,1.67708726823912,0.0027910983044013194,0.006659804066522287,0.0027341388704176777
25.0,0.6496117992550965,1.7884488143684028,91.524,91.524,1.0,0.09626461328186017,0.7007175978564458,0.07764053756885815,0.2107671556011054,0.2901418619440201,2.55263872398507,0.34118477389126106,0.053471050422384696,0.11519576986025432,0.6570174601526044,0.21941651739128853,1.926463448540659,0.06966383151073309,0.28216090167120095,0.17866790294647217,0.04759417990971325,0.09938260003179804,0.11389601892395189,0.004647040640983466,1.730247326704557,0.002771686983245006,0.006598197370713943,0.0031988755639543475
26.0,0.6522000272806547,1.7428750623412443,95.18496,95.18496,1.0,0.0958210006547036,0.7025582140648389,0.09040177421187738,0.21742344374873845,0.29514602379815336,2.5884231013332353,0.33838513278313076,0.05112174325548748,0.11519576986025432,0.6578453349345764,0.2201547784678652,1.9329453351206423,0.08420208500400962,0.28112560054907343,0.18518933653831482,0.04575945959538536,0.09951555583299619,0.11389601892395189,0.004237466491186702,1.6412236219111946,0.0024283414126909865,0.006128494004699929,0.002944976674360697
27.0,0.655634533265519,1.9060923088869868,98.84592,98.84592,1.0,0.09538498022011999,0.7041003185313751,0.08463780943938949,0.2085770967905518,0.2959939415384225,2.596170901820814,0.3378891381631205,0.04765364351962536,0.11519576986025432,0.658159460261132,0.2190910914685377,1.9236062290713103,0.06848756624541377,0.28039867109634553,0.18125958740711212,0.041666517913747626,0.09894747661507346,0.11389601892395189,0.004076186688461508,1.6409492134553147,0.0024130044204125154,0.005818044888431462,0.002905143433413791
28.0,0.6604781535335928,1.8190629833738972,102.50688,102.50688,1.0,0.09581086859119362,0.7068570196042167,0.10907399567770434,0.2133095667083212,0.2994375561459444,2.627145068753328,0.3430091294648399,0.052480695738969414,0.11519576986025432,0.6576415443877371,0.21906509050512057,1.923377942221052,0.08813021040095276,0.28024478267691827,0.20231126248836517,0.04914250709515818,0.0999122674379442,0.11389601892395189,0.004085143816661887,1.7085228809446562,0.0021862371073447357,0.006075817998453475,0.002264634315041022
29.0,0.6506172636527799,1.8786406100876487,106.16784,106.16784,1.0,0.09544703521092109,0.7084910930253192,0.11095796984022425,0.2150177721247915,0.30130199733840635,2.645772394683455,0.345379584896013,0.05199287832762338,0.11519576986025432,0.6573463436344086,0.2177787428643695,1.9120838895148728,0.09433962264150944,0.28005657708628007,0.201588973402977,0.046486394221002134,0.09993884069633796,0.11389601892395189,0.0039270918572998316,1.7038864502392244,0.0021259739414260606,0.005810594106290361,0.003001502043933426
30.0,0.658276873992251,2.167876176271939,109.8288,109.8288,1.0,0.09596523054629728,0.7085295531346759,0.13281188624085397,0.2197879401920733,0.30243459021724456,2.6532797299111808,0.3437249224294181,0.055142841857363074,0.11519576986025432,0.6541709433106628,0.2181189724182294,1.9150710839495357,0.10061443932411675,0.27801120448179273,0.22819936275482178,0.051128538674048006,0.10095418942933554,0.11389601892395189,0.0038571984448252643,1.7370993652730249,0.002145080442862103,0.0056524770308068965,0.0031301886009329452
31.0,0.6509886949059479,2.1607607318834887,113.48976,113.48976,1.0,0.09550908240557433,0.7115515268166885,0.10283307539410644,0.22323757838577415,0.307171883492617,2.688299277365837,0.34811661850517905,0.05425547641516975,0.11519576986025432,0.6543904457710832,0.21928848627616818,1.9253393432705195,0.08968253968253968,0.27814029363784665,0.18928037583827972,0.04961507442072448,0.10011485398610177,0.11389601892395189,0.0036269614184572052,1.689022680206108,0.002067389377313783,0.0052719978526273,0.0030147550357079783
32.0,0.6564600997344747,2.207595872737221,117.15072,117.15072,1.0,0.09487868342518443,0.7113471373266028,0.09992400805407875,0.22071326732725546,0.30896547463050567,2.7056383335014864,0.35076904532128816,0.04824999397505858,0.11519576986025432,0.6551806596483775,0.21638439734701678,1.8998416221333965,0.08226837060702875,0.2791214901306644,0.18861347436904907,0.04276948488626253,0.0996412667881238,0.11389601892395189,0.003575843295352159,1.722777418573969,0.0019076949386782243,0.005332152761837607,0.002776109921015065
33.0,0.658584288817591,2.4267590334439673,120.81168,120.81168,1.0,0.09512093344785848,0.7145447011046917,0.1321298286970405,0.21624110575451605,0.3113509915752182,2.725704634128525,0.35275427389079256,0.054014962872067425,0.11519576986025432,0.6535719830779176,0.21676115320540662,1.9031495152621405,0.10392609699769054,0.2780780780780781,0.20312899351119995,0.04939733797410948,0.1006821300674679,0.11389601892395189,0.003510990770564557,1.7449712860761792,0.001849905823408244,0.005262513916459101,0.0027261737104924346
34.0,0.6592554892181822,2.4062191505638255,124.47264,124.47264,1.0,0.09583026426055338,0.7142676416909887,0.1265145809853104,0.21944329028696583,0.3110107252485899,2.7272055386480543,0.3507553704849741,0.05876598980326113,0.11519576986025432,0.6530061031999645,0.21808206284093384,1.9147470201442838,0.09695074276778734,0.275441329179647,0.1931256353855133,0.055829347952399945,0.10109130752287523,0.11389601892395189,0.0034444478140251834,1.766300406823575,0.0017744307052825624,0.005204122734928979,0.002489202211465812
35.0,0.6577614585017119,2.5804466728588125,128.1336,128.1336,1.0,0.09495995488944584,0.7164936043912843,0.12143951192079422,0.22200207360230462,0.3149169451020221,2.760254697206772,0.3565595038666394,0.05413310832526936,0.11519576986025432,0.6522867184283027,0.21537796096441444,1.8910051729571147,0.09679937548790007,0.2744583059750492,0.1847618818283081,0.050264042077783254,0.1006294992801262,0.11389601892395189,0.0031661567886858482,1.6818861467763782,0.0017316721785484977,0.004671751501596542,0.0018847632569717787
36.0,0.6672012990581753,2.354168579032712,131.79456,131.79456,1.0,0.0953865130754417,0.7171428738122158,0.12152216122851033,0.2298567432271891,0.3178338062869598,2.7812581762432314,0.35132523953096023,0.05873960555968224,0.11519576986025432,0.6511889802360692,0.21744685932514946,1.9091699725724236,0.09698865858427845,0.2756015668718522,0.20151230692863464,0.05537183153010177,0.10122217878704906,0.11389601892395189,0.003107128175791632,1.6977849278773647,0.0016025489213670682,0.004688131913729783,0.002233445137364028
37.0,0.66193104134042,2.501105536540682,135.45552,135.45552,1.0,0.09514568277909796,0.7173542126343306,0.10663419483079314,0.23286910173540054,0.31588276571333285,2.765857945675714,0.3544306566837797,0.05700712589939886,0.11519576986025432,0.6495535231355919,0.21619914177716754,1.8982150896909153,0.08605577689243028,0.2747311827956989,0.19100289046764374,0.05171784601716488,0.10056257707239526,0.11389601892395189,0.003022594671482563,1.7007876044663135,0.0016033929229339271,0.004507957277799273,0.002245116744309429
38.0,0.665020244808885,2.4905261768426814,139.11648,139.11648,1.0,0.0949369525743493,0.7158278940830387,0.14495610742790105,0.23699836338500066,0.31629308495283154,2.759699477194347,0.3549269810717654,0.053249391337701166,0.11519576986025432,0.650784687098747,0.21501146588533113,1.887787368835901,0.11303692539562923,0.27355278093076046,0.1953064352273941,0.05024489473732213,0.10163114160379191,0.11389601892395189,0.0029374151008527086,1.7052887919853674,0.001523953702339456,0.004407972945813859,0.0026417770813397653
39.0,0.663649872272323,2.9510887057115482,142.77744,142.77744,1.0,0.09536178735638656,0.7158663898266456,0.10496959116101554,0.23874498521701581,0.3193092957972809,2.7887956400668443,0.35531544393066733,0.059547140031633986,0.11519576986025432,0.6483030706651094,0.2137629255721839,1.8768252621271417,0.08536098923015556,0.27327647476901207,0.2341516613960266,0.05589643570182059,0.10122272226254905,0.11389601892395189,0.0028933720395430984,1.7270687159252702,0.001469830714950234,0.004381041029985042,0.001818945441537843
40.0,0.659017308299622,2.371110739084254,146.4384,146.4384,1.0,0.09512042291235624,0.720117846083654,0.11148990305410397,0.23559568872332692,0.3257977600504071,2.852629895770358,0.3597578933874337,0.06172468808651481,0.11519576986025432,0.6464187202882319,0.2121373701527915,1.862552986109507,0.08871287128712871,0.27197595792637114,0.18968868255615234,0.05554249762010471,0.10139682444163489,0.11389601892395189,0.002785880916347153,1.7055441285046982,0.0013613851041017592,0.004276783000366307,0.0019261975276746869
41.0,0.6637434955697121,2.657575623535307,150.09936,150.09936,1.0,0.09433572274121292,0.7218923843636762,0.13374877170917704,0.23545801498715305,0.32764515777031294,2.868123755642445,0.3603271570286887,0.05602007150166819,0.11519576986025432,0.6461424190092268,0.2105533191894706,1.8486451166485158,0.10104126494408022,0.272640911969601,0.21357446908950806,0.05138212049205746,0.10159084127154704,0.11389601892395189,0.002582023162569368,1.6225094733163132,0.0012664547625489547,0.0039572063818510105,0.0025643094440917186
42.0,0.6707195017102708,3.0439649419741337,153.76032,153.76032,1.0,0.09399832227719176,0.7221049865573285,0.1271074276471329,0.2235041890515198,0.32631414371247885,2.8526131208830834,0.359838405045033,0.05269937948368268,0.11519576986025432,0.6468122083476042,0.21266433389819345,1.8671796951936392,0.09542280837858805,0.276050356438647,0.20182080566883087,0.046805749972155364,0.10076977109785588,0.11389601892395189,0.002660735162283309,1.7148218946531415,0.0013299404586350468,0.004053390046770027,0.0024740609072778576
43.0,0.6747075401198908,3.122453740720925,157.42128,157.42128,1.0,0.09435688491819075,0.7199823627370806,0.13644281715429138,0.2157831587296964,0.32423440872195003,2.8380998286317887,0.3615789277587254,0.05454236406261159,0.11519576986025432,0.6496372405281633,0.21418897999343112,1.8805659935879286,0.09782608695652174,0.27597907535699145,0.19547666609287262,0.04903005133691534,0.10076377804930597,0.11389601892395189,0.0025588984398474597,1.6905900463752914,0.001238677834500818,0.003932854647498853,0.0028782066495944905
44.0,0.6741123212471953,3.050621369113138,161.08224,161.08224,1.0,0.09507125278670861,0.7229374956597966,0.14566818214902588,0.22831713025431535,0.3288023109887997,2.8771634131495194,0.3596659317231049,0.06156476782166732,0.11519576986025432,0.6482016710950336,0.2124713832216474,1.8654856001904163,0.10234705656021546,0.2741960301584859,0.21454867720603943,0.0591684513853118,0.10203634889103332,0.11389601892395189,0.002276617366458341,1.5455839634960284,0.0011629243456358217,0.0034345064744795884,0.0018341298398739383
45.0,0.6609301849722583,2.603613547944728,164.7432,164.7432,1.0,0.09397623737966164,0.7231144798341441,0.13116242939164552,0.2197612862988048,0.33092383965500216,2.890593071868552,0.3625590833629248,0.05406603508816184,0.11519576986025432,0.6458905515127636,0.21290866180579326,1.869324879107073,0.09803921568627451,0.27198594906536194,0.179707869887352,0.049081838157974456,0.10086564245621281,0.11389601892395189,0.002468508081236167,1.7161886815010803,0.0011983514161480286,0.0037865941535282746,0.002301519779695549
46.0,0.6790178687882074,3.133857055249049,168.40416,168.40416,1.0,0.09516078729603497,0.7246055551573217,0.16674185318350793,0.24510393598345925,0.3351556456449494,2.9285394228990484,0.366319556915725,0.06458620708665769,0.11519576986025432,0.6473075728562185,0.21368741498526028,1.8761622838453984,0.11724915445321307,0.2725544997205142,0.18026916682720184,0.06162577812031275,0.10306715419282292,0.11389601892395189,0.0024147425478634314,1.7223645335325273,0.0011754128284914437,0.0037008526442194344,0.00211568066737515
47.0,0.6634607843672381,3.383731150858954,172.06512,172.06512,1.0,0.09347213570775778,0.7283441422149391,0.15363321541440925,0.21436078029943964,0.33169369664656173,2.8936949012605835,0.36673049837573296,0.04939154123389555,0.11519576986025432,0.6490156536339272,0.21556217063205999,1.8926225224429516,0.1090496024233245,0.27581349485843076,0.1911751925945282,0.047097230524602116,0.10101782924980707,0.11389601892395189,0.0024264313377146806,1.7728648467746098,0.0011927304885649382,0.0037025357501430556,0.002584037681530239
48.0,0.6843729497320806,3.867583994116251,175.72608,175.72608,1.0,0.09414952050316044,0.727522878371922,0.16433715314941452,0.23611563912296296,0.3355016105511053,2.933770555689318,0.36507397195357494,0.05769359213018312,0.11519576986025432,0.6485754941635261,0.21342337286920218,1.8738440104013159,0.11115340692805481,0.2755086661642803,0.2141067534685135,0.05375452613942018,0.10194282121471286,0.11389601892395189,0.0022829510779125606,1.708644083730178,0.0011162118783484604,0.003488906106284098,0.0021786718314406074
49.0,0.6663393087340095,3.7405959180149786,179.38704,179.38704,1.0,0.09273694630488287,0.730663210983709,0.14842923240986233,0.2230135107556684,0.33985871605661705,2.970187197776649,0.3711680683122889,0.04832307766877388,0.11519576986025432,0.6476058984230308,0.21343317729255434,1.8739300926317994,0.10949464012251149,0.27593942793045434,0.186562642455101,0.0429447451625121,0.10075611240498812,0.11389601892395189,0.002184119458789787,1.6749713914614404,0.0010563162163027238,0.0033470535535736114,0.0023069282793418164
50.0,0.6879087959510396,4.107238757217983,183.048,183.048,1.0,0.09284321783382418,0.7314848192422807,0.15499594599613714,0.2333800979683216,0.3407743985568435,2.9820845170433596,0.3728666519292655,0.04912468891650209,0.11519576986025432,0.6468779298263774,0.21336854734410088,1.8733626456826957,0.1091186570011446,0.2762585456805469,0.20748330652713776,0.04568611407046018,0.10102963420214438,0.11389601892395189,0.0022012328123672594,1.7261890002846485,0.0010481080450978684,0.0033899073261531975,0.002290778470725604
51.0,0.6822643436594806,3.9143046835822988,186.70896,186.70896,1.0,0.0925848626094116,0.731828543144578,0.15238883917873508,0.21330320833894117,0.34247266308057817,2.996518714411959,0.3737502217315883,0.04802155034019036,0.11519576986025432,0.6470046792889721,0.21151208540802713,1.8570630247335798,0.10929791271347249,0.27646438789338956,0.19581764936447144,0.042748403136443534,0.10084530409404814,0.11389601892395189,0.0021750178986028328,1.7452989040320972,0.001034580532215112,0.0033417314096833408,0.002707622750186841
52.0,0.6793873560103167,3.8110692996974374,190.36992,190.36992,1.0,0.09402419616893183,0.7315769603165189,0.16983877221528104,0.250403324637131,0.3454726365826986,3.0178922291997763,0.3723552771346506,0.06356188810150402,0.11519576986025432,0.6434585681607659,0.21002953562390514,1.8440463293466067,0.11980531636091352,0.2700610391543844,0.21895530819892883,0.05990297758718653,0.10301301651541789,0.11389601892395189,0.0020857034739415544,1.7122687131923158,0.0009826994079788606,0.0032157872440166197,0.0018074606338914314
53.0,0.6730208747851137,3.4919318095278604,194.03088,194.03088,1.0,0.09342184199437507,0.7348646574109305,0.1731652775979415,0.23494018536039005,0.34813175723698864,3.0350393692227695,0.3764960687228582,0.061112120130665686,0.11519576986025432,0.6439910790465369,0.2109232067425821,1.8518927064818222,0.11310861423220973,0.27168576104746317,0.2351585179567337,0.05712107958178107,0.10282250190382032,0.11389601892395189,0.0019460921923577076,1.6336409846990136,0.0009316734819571482,0.002977425703564503,0.002358943421336447
54.0,0.6845878946894168,3.909654364107202,197.69184,197.69184,1.0,0.09254334469876728,0.7356308863344101,0.1561027774315011,0.22836182168569405,0.3483720944738816,3.0470525211576724,0.37537701371617244,0.05131378904785684,0.11519576986025432,0.6430252983393712,0.2092617852371153,1.8373055284473017,0.10542282897231703,0.2682970051391104,0.23147699236869812,0.04809652512173377,0.10183433649894637,0.11389601892395189,0.0019725413129381315,1.691059856544598,0.0009272567466258602,0.003031760325312517,0.002377900398785223
55.0,0.6870673718018164,4.481936552968342,201.3528,201.3528,1.0,0.09214968504778155,0.7356442661922017,0.15304445911274187,0.21520125248751867,0.3477625412943112,3.034745928367204,0.37483876901940016,0.04689240449178136,0.11519576986025432,0.6446969355092209,0.21031612783357323,1.8465625912175283,0.10111925897336936,0.27178980081932474,0.18450188636779785,0.042387570543971964,0.10086702189280035,0.11389601892395189,0.0019470757587925433,1.7017493587045465,0.0009205402699604371,0.0029882060890706694,0.0022839198315850783
56.0,0.6951483915591061,3.8204275737292717,205.01376,205.01376,1.0,0.09240523288340129,0.7365248105182017,0.1653234490819114,0.21567155743477648,0.3508644690912929,3.0579522596879922,0.37954182361909344,0.05070379598451061,0.11519576986025432,0.6459580424642324,0.21208098445531098,1.8620579231739167,0.11374764595103579,0.27186629526462397,0.19001224637031555,0.04759079951864308,0.10154602634428994,0.11389601892395189,0.0018203140552440092,1.6253685090050567,0.0008662831115704428,0.0027870628897302507,0.0021258794909837244
57.0,0.6884468258354604,3.707225463684903,208.67472,208.67472,1.0,0.09235088371442245,0.7388398553412766,0.16026148589019484,0.23273891659813942,0.35593220328234065,3.101110242479286,0.3797795927377718,0.05583688857201487,0.11519576986025432,0.6443561927955205,0.21115917017093114,1.853964450784901,0.10332950631458095,0.271497039751903,0.1948879212141037,0.04964834088973436,0.10155232376129893,0.11389601892395189,0.001772289398343279,1.6142441144620534,0.0008660407949166118,0.0026872973757613478,0.0021033377245367186
58.0,0.6831255741681398,3.82607258774109,212.33568,212.33568,1.0,0.09252376197842933,0.7384899834877361,0.1577263677358704,0.22115476985371607,0.35517955034858906,3.1023646009347696,0.384342734388167,0.055763203305990244,0.11519576986025432,0.6414350443640688,0.20933399382130227,1.837939515349295,0.10416666666666667,0.26894218037369433,0.20345035195350647,0.04995766977884778,0.10160239617619542,0.11389601892395189,0.0018134729715085186,1.6844446492614225,0.0008122384282794462,0.0028211009072997948,0.0023558483331516155
59.0,0.6902099343357291,3.9604242987843703,215.99664,215.99664,1.0,0.09222067756363593,0.7390652626262717,0.16731915650197404,0.22412203671088238,0.3555499679119233,3.0982949385967107,0.3838571398440749,0.054420118172194464,0.11519576986025432,0.6448174855426552,0.20998221022067712,1.8436308152340404,0.10868733256792958,0.26993304930006085,0.20396344363689423,0.048042550737200394,0.10146029586143562,0.11389601892395189,0.001858454071818569,1.7659233806771226,0.0007901090010802021,0.002923192732641045,0.0024517505669250537
60.0,0.68351988408939,3.873333938131028,219.6576,219.6576,1.0,0.09178819156035979,0.7395678041123609,0.1828868211833564,0.21682763518396228,0.3605593939087896,3.1416240584246045,0.38185877252570294,0.05150963156699705,0.11519576986025432,0.6403961631005057,0.20873467428672426,1.832677526912472,0.11467370803470389,0.269700800674252,0.1926916092634201,0.04718830178000646,0.1019715181150752,0.11389601892395189,0.001664456656927135,1.612964840780478,0.0007810096720192502,0.0025430728882467543,0.0018467195587170688
