round,train_loss,grad_sq,upload_mb,download_mb,payload_fraction,fed_auroc,fed_auprc_lift,fed_f1_best_threshold,fed_brier,fed_prevalence,fed_f1_best,fed_ece,fed_auprc,fed_f1,global_auroc,global_auprc,global_auprc_lift,global_f1,global_f1_best,global_f1_best_threshold,global_ece,global_brier,global_prevalence,divergence_total,dispersion_abs,divergence_slow,divergence_medium
1.0,0.6877747198659656,0.11338392215891732,0.9136,3.65056,0.9971592150692714,0.6077234114107656,1.782734216335057,0.5142823138573439,0.2442740615277325,0.11341893252769387,0.27789671904901253,0.38228319149017936,0.20309472005777865,0.2169418171958006,0.5325068699463671,0.1251130645184225,1.0984849663793799,0.0,0.20905005423833875,0.4720762372016907,0.3579613627086223,0.22905247468789977,0.11389601892395189,0.0278691059379375,3.0102177537046373,0.02305212845070511,0.031090109882180774
2.0,0.6824341022977622,0.12785933511947584,1.8272,7.30112,0.9971592150692714,0.644653916665823,1.9556535885349398,0.5489566226049973,0.23607533410538376,0.11341893252769387,0.29357184997971264,0.3731878751181703,0.22326763068414684,0.24954278498096713,0.42923493422004083,0.10049849013045056,0.8823705260282466,0.0,0.20451875282422052,0.4187852144241333,0.3592777614792938,0.2303750042861396,0.11389601892395189,0.019704408265127774,2.2658198215067387,0.015230567181596339,0.02272244047057275
3.0,0.6717117433254054,0.18979787191229913,2.7408,10.95168,0.9971592150692714,0.6586737600534618,2.017479464179216,0.5457060988279657,0.23111317005891116,0.11341893252769387,0.294997733581699,0.3670379700953252,0.23133448664223216,0.2697099549710237,0.4451748964381594,0.10565271695863848,0.9276243187146213,0.0,0.20451875282422052,0.42465004324913025,0.3597184245308846,0.23066938485617972,0.11389601892395189,0.014027715388461788,1.7360304850153625,0.012645675228453378,0.014973528579895784
4.0,0.6670866981436379,0.28692047237409646,3.6544,14.60224,0.9971592150692714,0.664801337857822,2.0614996101484886,0.5347196633073108,0.2220526888057555,0.11341893252769387,0.3001321957522428,0.35343432217960186,0.2361983275155565,0.2723988500856128,0.3756541589962326,0.08754639140679336,0.7686519005132909,0.0,0.2045002711006687,0.40808382630348206,0.36122344100599507,0.2322637933954156,0.11389601892395189,0.01116065204070736,1.464341354323551,0.010443889882001392,0.011669601350026046
5.0,0.658489981773051,0.27263899974827044,4.568,18.2528,0.9971592150692714,0.6706400258583544,2.131930004737239,0.5133072383690547,0.21324536455572984,0.11341893252769387,0.3037526520142378,0.3405722790967001,0.24351010688804006,0.2801418380088312,0.34560565134942495,0.0822867963910526,0.7224729816587822,0.0,0.20451875282422052,0.42398273944854736,0.36621015282250585,0.23575884875904965,0.11389601892395189,0.00982374141564839,1.3708528662100434,0.009738891602670906,0.009886470511172803
6.0,0.652039077097529,0.3088102388701544,4.568,18.2528,0.0,0.6868345199021959,2.354089488202794,0.5496814273999328,0.21931517659749566,0.11341893252769387,0.32115583397320663,0.35114391530185846,0.2616876066810862,0.29501648237697053,0.34560565134942495,0.0822867963910526,0.7224729816587822,0.0,0.20451875282422052,0.42398273944854736,0.36621015282250585,0.23575884875904965,0.11389601892395189,0.0,0.0,,
7.0,0.6352038900157777,0.3641866049519615,4.568,18.2528,0.0,0.6940175879320151,2.470903045449283,0.5419135660379525,0.20795909029217444,0.11341893252769387,0.3287388673553573,0.3327284464408612,0.27187725848277994,0.3026643193242664,0.34560565134942495,0.0822867963910526,0.7224729816587822,0.0,0.20451875282422052,0.42398273944854736,0.36621015282250585,0.23575884875904965,0.11389601892395189,0.0,0.0,,
8.0,0.6201848506587696,0.43253774075622387,4.568,18.2528,0.0,0.7037636757909514,2.530438968420532,0.557997063419445,0.21477443721853082,0.11341893252769387,0.3339815844502003,0.3432816550819567,0.2792014875120436,0.31002886454980383,0.34560565134942495,0.0822867963910526,0.7224729816587822,0.0,0.20451875282422052,0.42398273944854736,0.36621015282250585,0.23575884875904965,0.11389601892395189,0.0,0.0,,
9.0,0.6483901265040096,0.30116946883360934,5.4816,21.90336,0.9971592150692714,0.67307877002812,2.18577991662472,0.5571375002940105,0.23003342296431328,0.11341893252769387,0.30949270732482226,0.3648863518216684,0.24687897432985947,0.27980073513874054,0.4066503008429868,0.09018201134933163,0.7917924805567256,0.0,0.20451875282422052,0.44595250487327576,0.36767394037874035,0.23634022067502314,0.11389601892395189,0.009144065219689749,1.3504194242414087,0.008086374214348923,0.0099574950164404
10.0,0.6467211949730051,0.3487536520108107,5.4816,21.90336,0.0,0.6856653925538613,2.386603663850332,0.5473739634242664,0.21813877997858597,0.11341893252769387,0.3217461329731992,0.3477618665244968,0.2639140743682675,0.2906823146142539,0.4066503008429868,0.09018201134933163,0.7917924805567256,0.0,0.20451875282422052,0.44595250487327576,0.36767394037874035,0.23634022067502314,0.11389601892395189,0.0,0.0,,
11.0,0.6288172313839533,0.3900517005645013,5.4816,21.90336,0.0,0.695629940769101,2.5001192289532232,0.5370784197377805,0.19889924200117304,0.11341893252769387,0.3290152367428403,0.31686639994903854,0.27609107269141103,0.3079059549901108,0.4066503008429868,0.09018201134933163,0.7917924805567256,0.0,0.20451875282422052,0.44595250487327576,0.36767394037874035,0.23634022067502314,0.11389601892395189,0.0,0.0,,
12.0,0.6151861591613537,0.4527955870133013,5.4816,21.90336,0.0,0.7053183646515205,2.5763929869063324,0.5798025245441562,0.2068299533282718,0.11341893252769387,0.33587169944618184,0.32982181278205114,0.28519260707675576,0.30681441571061074,0.4066503008429868,0.09018201134933163,0.7917924805567256,0.0,0.20451875282422052,0.44595250487327576,0.36767394037874035,0.23634022067502314,0.11389601892395189,0.0,0.0,,
13.0,0.6420296625159418,0.34923327323624576,6.3952,25.55392,0.9971592150692714,0.6756178798467098,2.2730854611808042,0.5421520090396521,0.2198896227227891,0.11341893252769387,0.3125201525716217,0.349830913078884,0.2513868175551841,0.290260894228933,0.36279813669756356,0.08345045566489415,0.7326898380935845,0.010967489228358794,0.20450951154489178,0.4269999563694,0.3696597516551712,0.23817880456034188,0.11389601892395189,0.008377814419618131,1.3082943423651159,0.007213537514194925,0.00929075398319811
14.0,0.642870330530983,0.3559647238190214,6.3952,25.55392,0.0,0.6904050874078944,2.415080703935002,0.5771974016858824,0.21720358786884078,0.11341893252769387,0.3264963370651829,0.34576337737681245,0.2677404456954096,0.29120701835049656,0.36279813669756356,0.08345045566489415,0.7326898380935845,0.010967489228358794,0.20450951154489178,0.4269999563694,0.3696597516551712,0.23817880456034188,0.11389601892395189,0.0,0.0,,
15.0,0.6253455142932223,0.5162138713924646,6.3952,25.55392,0.0,0.6988855632900179,2.4780052091705826,0.5568979066146644,0.2142439128394326,0.11341893252769387,0.3297908397039092,0.34147158117021353,0.27426700058059517,0.2997641597988173,0.36279813669756356,0.08345045566489415,0.7326898380935845,0.010967489228358794,0.20450951154489178,0.4269999563694,0.3696597516551712,0.23817880456034188,0.11389601892395189,0.0,0.0,,
16.0,0.6083751169293659,0.4827506326651618,6.3952,25.55392,0.0,0.712444311549431,2.614016017163027,0.624873710653678,0.22590192449260604,0.11341893252769387,0.3418192271583932,0.3575313764002713,0.2901316999822788,0.29700491239336985,0.36279813669756356,0.08345045566489415,0.7326898380935845,0.010967489228358794,0.20450951154489178,0.4269999563694,0.3696597516551712,0.23817880456034188,0.11389601892395189,0.0,0.0,,
17.0,0.6449079068919461,0.42353845495009723,7.3088,29.20448,0.9971592150692714,0.6775178590884284,2.297512811972667,0.5504146358476575,0.21158850209222843,0.11341893252769387,0.313650576256258,0.33652916001456096,0.2539281812942552,0.28840677357733197,0.38740644446473554,0.08628892743387413,0.7576114446237937,0.04176100628930818,0.20451875282422052,0.455268919467926,0.37232109060872565,0.24024070128103311,0.11389601892395189,0.008319838995913983,1.3760482207871974,0.006390112529037944,0.009866827312365158
18.0,0.6405680339215658,0.4480720550663605,7.3088,29.20448,0.0,0.6928492447263717,2.4253724623333617,0.5694342483986781,0.20892014628378025,0.11341893252769387,0.3258946939628665,0.33419851030946185,0.2687939197177619,0.3012645141440268,0.38740644446473554,0.08628892743387413,0.7576114446237937,0.04176100628930818,0.20451875282422052,0.455268919467926,0.37232109060872565,0.24024070128103311,0.11389601892395189,0.0,0.0,,
19.0,0.6187066896646629,0.4274750399012535,7.3088,29.20448,0.0,0.7054064581385054,2.5232148930105898,0.5584445166395,0.19711953717282948,0.11341893252769387,0.33829970054117325,0.3129182155847818,0.28142725127859025,0.3144319499514726,0.38740644446473554,0.08628892743387413,0.7576114446237937,0.04176100628930818,0.20451875282422052,0.455268919467926,0.37232109060872565,0.24024070128103311,0.11389601892395189,0.0,0.0,,
20.0,0.6076997391790291,0.6401047310409781,7.3088,29.20448,0.0,0.7162189670764831,2.6770495795266793,0.5661213906164857,0.2108036342178984,0.11341893252769387,0.34336983202419363,0.33911104092649597,0.29469706039228905,0.31171331628499516,0.38740644446473554,0.08628892743387413,0.7576114446237937,0.04176100628930818,0.20451875282422052,0.455268919467926,0.37232109060872565,0.24024070128103311,0.11389601892395189,0.0,0.0,,
21.0,0.6423314364693704,0.5324981748934259,8.2224,32.85504,0.9971592150692714,0.6796094011218011,2.312924690883341,0.5510038346603648,0.20816370551623872,0.11341893252769387,0.3129890149235029,0.3296310802296082,0.25549707412177364,0.29205719150169884,0.4011061664040234,0.08861061496612825,0.7779957175262935,0.01145912910618793,0.20454853732423023,0.4735616147518158,0.37052598265182257,0.23860311638858667,0.11389601892395189,0.007718027231870772,1.3511009447975084,0.006432204378117094,0.008761686989781355
22.0,0.6373510506548958,0.568217366797546,8.2224,32.85504,0.0,0.6943257537038133,2.4721007800603907,0.5514369463362363,0.19979158519378945,0.11341893252769387,0.3253598760328494,0.31940864090018045,0.27383413625378356,0.2966778002095245,0.4011061664040234,0.08861061496612825,0.7779957175262935,0.01145912910618793,0.20454853732423023,0.4735616147518158,0.37052598265182257,0.23860311638858667,0.11389601892395189,0.0,0.0,,
23.0,0.6178338868298578,0.5023746416442259,8.2224,32.85504,0.0,0.7067799675161264,2.590691349005214,0.5822161520659653,0.20716533130054235,0.11341893252769387,0.3358571650117505,0.3309178695292282,0.2870766463423061,0.30887782503889943,0.4011061664040234,0.08861061496612825,0.7779957175262935,0.01145912910618793,0.20454853732423023,0.4735616147518158,0.37052598265182257,0.23860311638858667,0.11389601892395189,0.0,0.0,,
24.0,0.6017218544254779,0.5916034001354682,8.2224,32.85504,0.0,0.7153569037888261,2.6959821121574845,0.6058381271378811,0.21265538351551094,0.11341893252769387,0.3481384563271521,0.3387409105278178,0.29752541171722874,0.30946920749653123,0.4011061664040234,0.08861061496612825,0.7779957175262935,0.01145912910618793,0.20454853732423023,0.4735616147518158,0.37052598265182257,0.23860311638858667,0.11389601892395189,0.0,0.0,,
25.0,0.6395125196978424,0.7100825936215209,9.136,36.5056,0.9971592150692714,0.6816666586142037,2.314636101660792,0.5696347453157827,0.21552114907044392,0.11341893252769387,0.3159130936060588,0.34153266253666387,0.25634290261943504,0.28762351592142366,0.4063866745102413,0.08939243012177786,0.7848600062260734,0.02696629213483146,0.20454545454545453,0.47671768069267273,0.371880142187411,0.2396629172542115,0.11389601892395189,0.0077955976513158385,1.444791637826711,0.005819150639093371,0.009424880968767868
26.0,0.6373097600387296,0.5923761061871325,9.136,36.5056,0.0,0.697386268404491,2.467050422964176,0.5626068776182658,0.21541394902383057,0.11341893252769387,0.32898408202933044,0.34410195590385156,0.2733624233437017,0.2971779148040135,0.4063866745102413,0.08939243012177786,0.7848600062260734,0.02696629213483146,0.20454545454545453,0.47671768069267273,0.371880142187411,0.2396629172542115,0.11389601892395189,0.0,0.0,,
27.0,0.6178826362616472,0.6335662835935336,9.136,36.5056,0.0,0.7074459877638937,2.6439266721716335,0.5827496803805517,0.203495074477066,0.11341893252769387,0.3406772055710889,0.326334528943014,0.2924407001572976,0.30891198733207376,0.4063866745102413,0.08939243012177786,0.7848600062260734,0.02696629213483146,0.20454545454545453,0.47671768069267273,0.371880142187411,0.2396629172542115,0.11389601892395189,0.0,0.0,,
28.0,0.5980212274316167,0.6763141233070135,9.136,36.5056,0.0,0.7191837409157799,2.7129479344859977,0.6232626744586325,0.21149856552860044,0.11341893252769387,0.35112657388455715,0.33643253885268415,0.29923522246158035,0.3133631845899664,0.4063866745102413,0.08939243012177786,0.7848600062260734,0.02696629213483146,0.20454545454545453,0.47671768069267273,0.371880142187411,0.2396629172542115,0.11389601892395189,0.0,0.0,,
29.0,0.636456671745009,0.6875888378154176,10.0496,40.15616,0.9971592150692714,0.6815979903514318,2.3288043894050032,0.5777483418891496,0.20914973894982733,0.11341893252769387,0.31553632677885557,0.3306675723588332,0.2578377662245741,0.2915360953498861,0.34782832239581685,0.0818421208409709,0.7185687578388205,0.028433151845130067,0.2045002711006687,0.4611116647720337,0.3703484231884271,0.2388016107485003,0.11389601892395189,0.006550520091528245,1.282534338766709,0.0052013009093630986,0.007684353732547382
30.0,0.6390523504029978,0.6486996652953713,10.0496,40.15616,0.0,0.7001631387250595,2.5213737897414723,0.5672517934287001,0.21127848788934106,0.11341893252769387,0.3338124176617667,0.3381114296707975,0.279155705904547,0.30191137232488247,0.34782832239581685,0.0818421208409709,0.7185687578388205,0.028433151845130067,0.2045002711006687,0.4611116647720337,0.3703484231884271,0.2388016107485003,0.11389601892395189,0.0,0.0,,
31.0,0.6141020031007675,0.642756543059283,10.0496,40.15616,0.0,0.7084697248247603,2.637242840530288,0.5894532190300036,0.20734889728275252,0.11341893252769387,0.3420614654638662,0.3284379690271813,0.29129422050433446,0.30803353703204644,0.34782832239581685,0.0818421208409709,0.7185687578388205,0.028433151845130067,0.2045002711006687,0.4611116647720337,0.3703484231884271,0.2388016107485003,0.11389601892395189,0.0,0.0,,
32.0,0.5999231965214087,0.7519034270720584,10.0496,40.15616,0.0,0.7200859042491924,2.7058277164466245,0.6086831951058074,0.200264082089406,0.11341893252769387,0.3475387973519344,0.3165194558189614,0.3014962749114744,0.3136806696572901,0.34782832239581685,0.0818421208409709,0.7185687578388205,0.028433151845130067,0.2045002711006687,0.4611116647720337,0.3703484231884271,0.2388016107485003,0.11389601892395189,0.0,0.0,,
33.0,0.6417016010339001,0.8108643129074325,10.9632,43.80672,0.9971592150692714,0.6845143861208309,2.3519657003030683,0.5717835036356823,0.212114886800336,0.11341893252769387,0.31914635079602693,0.33783425510816895,0.2598977622736987,0.29095952634727074,0.36079804272726895,0.08352378540997854,0.7333336687188968,0.02481556002682763,0.2045002711006687,0.471439003944397,0.3702985108381693,0.23863777708641845,0.11389601892395189,0.006287695270295207,1.292431627982296,0.004690541429153291,0.007658577227859037
34.0,0.6354889574536223,0.6620511407732874,10.9632,43.80672,0.0,0.6999130900440567,2.5192621633181536,0.5395737265959788,0.19901747776522533,0.11341893252769387,0.33164608446765637,0.31887531895326476,0.27920068025587347,0.305888601354696,0.36079804272726895,0.08352378540997854,0.7333336687188968,0.02481556002682763,0.2045002711006687,0.471439003944397,0.3702985108381693,0.23863777708641845,0.11389601892395189,0.0,0.0,,
35.0,0.6106936876810317,0.6009669115672757,10.9632,43.80672,0.0,0.7136581027779358,2.610550454455578,0.6028293749019279,0.21199794298277058,0.11341893252769387,0.35034592307847695,0.338898556847885,0.29217522261020173,0.3132564710487829,0.36079804272726895,0.08352378540997854,0.7333336687188968,0.02481556002682763,0.2045002711006687,0.471439003944397,0.3702985108381693,0.23863777708641845,0.11389601892395189,0.0,0.0,,
36.0,0.5998268677471202,0.8505106715857217,10.9632,43.80672,0.0,0.726149675291248,2.8276240613916452,0.5980973113459522,0.20831218205483104,0.11341893252769387,0.3640769865972929,0.33378571999672374,0.31146151917921927,0.3169558615540531,0.36079804272726895,0.08352378540997854,0.7333336687188968,0.02481556002682763,0.2045002711006687,0.471439003944397,0.3702985108381693,0.23863777708641845,0.11389601892395189,0.0,0.0,,
37.0,0.6370767451135857,0.729897029632532,11.8768,47.45728,0.9971592150692714,0.6872346661547443,2.3968389213613044,0.5685055934864379,0.206828938469898,0.11341893252769387,0.32396925494326434,0.3305162779132443,0.264093934339301,0.2974552289721981,0.3493018288215628,0.08230579625411637,0.7226397992810597,0.032569360675512665,0.20450951154489178,0.46867600083351135,0.37037233073924153,0.2388335839880544,0.11389601892395189,0.006401517332655418,1.3829794890480116,0.004716188792385472,0.007873054090452278
38.0,0.6315711722852418,0.6882826402389985,11.8768,47.45728,0.0,0.7051036572682408,2.5606983813438324,0.5783340433783162,0.21536301387233328,0.11341893252769387,0.3360175333789512,0.3430127033172223,0.28309665316461846,0.3003039335886568,0.3493018288215628,0.08230579625411637,0.7226397992810597,0.032569360675512665,0.20450951154489178,0.46867600083351135,0.37037233073924153,0.2388335839880544,0.11389601892395189,0.0,0.0,,
39.0,0.6084790473630544,0.6402261137013883,11.8768,47.45728,0.0,0.7201299038430735,2.6727047373435315,0.5535312136194377,0.20496581891957621,0.11341893252769387,0.3496140202052375,0.33159926197513157,0.2997692307689095,0.3210679040747397,0.3493018288215628,0.08230579625411637,0.7226397992810597,0.032569360675512665,0.20450951154489178,0.46867600083351135,0.37037233073924153,0.2388335839880544,0.11389601892395189,0.0,0.0,,
40.0,0.5940936755461862,0.7736079724452909,11.8768,47.45728,0.0,0.7285325835852386,2.811842142176164,0.5856273110059335,0.20369861426663052,0.11341893252769387,0.35774223213548006,0.3287394068859567,0.315017166719174,0.3194520684790209,0.3493018288215628,0.08230579625411637,0.7226397992810597,0.032569360675512665,0.20450951154489178,0.46867600083351135,0.37037233073924153,0.2388335839880544,0.11389601892395189,0.0,0.0,,
41.0,0.6338581343415972,0.8098526949814915,12.7904,51.10784,0.9971592150692714,0.689128518006531,2.4250590346214542,0.5783748656139902,0.21183001710970936,0.11341893252769387,0.32282585125413815,0.3380440100052084,0.2677370138011956,0.29661051483841255,0.39063609606836214,0.08769268004476968,0.7699363057046084,0.030166880616174584,0.2045002711006687,0.4699850082397461,0.36968767600226543,0.2381451819036109,0.11389601892395189,0.0057784343413050275,1.3089749841019511,0.004208383756494441,0.007172221422710344
42.0,0.6331090153861173,0.7996654873160635,12.7904,51.10784,0.0,0.7049234433585426,2.6028469941829755,0.5972450854761333,0.21671502186261268,0.11341893252769387,0.33760674460298173,0.345907928742382,0.288165365815714,0.3034145380241399,0.39063609606836214,0.08769268004476968,0.7699363057046084,0.030166880616174584,0.2045002711006687,0.4699850082397461,0.36968767600226543,0.2381451819036109,0.11389601892395189,0.0,0.0,,
43.0,0.6140964797880262,0.8551232725333119,12.7904,51.10784,0.0,0.7191315980164887,2.7845120598868016,0.5872764238508085,0.2012290982341778,0.11341893252769387,0.35631948495313454,0.32483337006421686,0.30765022197384956,0.31823538378546606,0.39063609606836214,0.08769268004476968,0.7699363057046084,0.030166880616174584,0.2045002711006687,0.4699850082397461,0.36968767600226543,0.2381451819036109,0.11389601892395189,0.0,0.0,,
44.0,0.591329514722757,0.7402767505304084,12.7904,51.10784,0.0,0.7291194745152204,2.8533449241118434,0.5887930575656928,0.20333622355970032,0.11341893252769387,0.3593125119104214,0.327027572060333,0.3166556097575245,0.32054228264749385,0.39063609606836214,0.08769268004476968,0.7699363057046084,0.030166880616174584,0.2045002711006687,0.4699850082397461,0.36968767600226543,0.2381451819036109,0.11389601892395189,0.0,0.0,,
45.0,0.6356398072895436,1.177954502398046,13.704,54.7584,0.9971592150692714,0.6918348272790635,2.435677059922385,0.5662648673943074,0.20515999737050686,0.11341893252769387,0.32505105823599667,0.327969424817186,0.26863829036876774,0.3004137693244487,0.38944530369146135,0.0877979495348652,0.770860565315173,0.029392117568470273,0.20452799493876814,0.46889013051986694,0.3688757007552463,0.23755499834051796,0.11389601892395189,0.005425516030674545,1.287447765469551,0.004062932093024707,0.006662594993065515
46.0,0.6391788029393755,1.0945540230898927,13.704,54.7584,0.0,0.7116221717284796,2.6502005550155774,0.5933050255348375,0.21985575247207448,0.11341893252769387,0.3436666924880739,0.3519409482157719,0.29299334245960845,0.30139997013985265,0.38944530369146135,0.0877979495348652,0.770860565315173,0.029392117568470273,0.20452799493876814,0.46889013051986694,0.3688757007552463,0.23755499834051796,0.11389601892395189,0.0,0.0,,
47.0,0.6132210942309868,0.8214501757808363,13.704,54.7584,0.0,0.7259467957829817,2.7962404294844303,0.5802151003546735,0.2126688577382865,0.11341893252769387,0.35721153342222584,0.3424586266834216,0.3093004735859606,0.31345313629548077,0.38944530369146135,0.0877979495348652,0.770860565315173,0.029392117568470273,0.20452799493876814,0.46889013051986694,0.3688757007552463,0.23755499834051796,0.11389601892395189,0.0,0.0,,
48.0,0.5859066889145346,0.8542179900100674,13.704,54.7584,0.0,0.7389299270787082,2.966075945005176,0.5860050543598748,0.1979676210110982,0.11341893252769387,0.36864959711658035,0.32077528196317817,0.3255473270160518,0.3312208909259074,0.38944530369146135,0.0877979495348652,0.770860565315173,0.029392117568470273,0.20452799493876814,0.46889013051986694,0.3688757007552463,0.23755499834051796,0.11389601892395189,0.0,0.0,,
49.0,0.6383700716195262,1.075426392201353,14.6176,58.40896,0.9971592150692714,0.6936557623717517,2.435809978848163,0.5822119652954834,0.20846152895601877,0.11341893252769387,0.3317969083634625,0.3327864338015463,0.2693425676858136,0.29832681547881457,0.41116391195324736,0.09157149118069344,0.8039920275162165,0.010878661087866108,0.20450951154489178,0.47206005454063416,0.36736114264866493,0.23619569553627642,0.11389601892395189,0.005782093780903683,1.441162945353426,0.004039123269350011,0.0073930447248269126
50.0,0.6358337811486005,1.0961183062425894,14.6176,58.40896,0.0,0.7135289158604363,2.68004970398604,0.582257520450581,0.20509730965727838,0.11341893252769387,0.3475274893132818,0.330042198247371,0.29526586388729265,0.3132350858970109,0.41116391195324736,0.09157149118069344,0.8039920275162165,0.010878661087866108,0.20450951154489178,0.47206005454063416,0.36736114264866493,0.23619569553627642,0.11389601892395189,0.0,0.0,,
51.0,0.6082096977818481,0.8606969377697868,14.6176,58.40896,0.0,0.7251090395889708,2.8286435885270564,0.6077778964281864,0.20911237717611722,0.11341893252769387,0.35935795197852693,0.33562827595140415,0.3120582341671047,0.3131114034462048,0.41116391195324736,0.09157149118069344,0.8039920275162165,0.010878661087866108,0.20450951154489178,0.47206005454063416,0.36736114264866493,0.23619569553627642,0.11389601892395189,0.0,0.0,,
52.0,0.5814320921905113,1.0076042722227214,14.6176,58.40896,0.0,0.7398645021684173,2.9524690442388364,0.5923832062789411,0.20269577375608971,0.11341893252769387,0.36972692274586855,0.32787910736979153,0.32773693358506806,0.3239147449901392,0.41116391195324736,0.09157149118069344,0.8039920275162165,0.010878661087866108,0.20450951154489178,0.47206005454063416,0.36736114264866493,0.23619569553627642,0.11389601892395189,0.0,0.0,,
53.0,0.6394627957597117,1.043900170886015,15.5312,62.05952,0.9971592150692714,0.694086238575573,2.447411883344566,0.5987354295266357,0.20836508984545868,0.11341893252769387,0.33348907095506025,0.32934482058490017,0.27152826941261954,0.29381189483047526,0.4016842568985215,0.09047981768367286,0.7944072017485179,0.006923409779316313,0.2045002711006687,0.4666205942630768,0.3667987149229971,0.23573117657936413,0.11389601892395189,0.005145485081862199,1.3436640341533348,0.0036472778035760212,0.006550514143392834
54.0,0.635976535810472,1.0952700869729357,15.5312,62.05952,0.0,0.7147147536202746,2.6883259490119022,0.5728283886931844,0.2156166841160029,0.11341893252769387,0.34378467317024475,0.34638362097688036,0.2966538094394632,0.3039081902660961,0.4016842568985215,0.09047981768367286,0.7944072017485179,0.006923409779316313,0.2045002711006687,0.4666205942630768,0.3667987149229971,0.23573117657936413,0.11389601892395189,0.0,0.0,,
55.0,0.6120142689417054,1.1346061451740082,15.5312,62.05952,0.0,0.7283769336127124,2.8335900320178613,0.5738429419062319,0.19962609048689559,0.11341893252769387,0.35925229580917495,0.32232235001635995,0.31237161102908895,0.323857526422939,0.4016842568985215,0.09047981768367286,0.7944072017485179,0.006923409779316313,0.2045002711006687,0.4666205942630768,0.3667987149229971,0.23573117657936413,0.11389601892395189,0.0,0.0,,
56.0,0.5847179817355944,0.9640486836606688,15.5312,62.05952,0.0,0.7419913735285585,2.9879129997079583,0.6016986794068224,0.20273712528860494,0.11341893252769387,0.3716061584011315,0.32768844987063184,0.32911949369562254,0.3292711052950817,0.4016842568985215,0.09047981768367286,0.7944072017485179,0.006923409779316313,0.2045002711006687,0.4666205942630768,0.3667987149229971,0.23573117657936413,0.11389601892395189,0.0,0.0,,
57.0,0.6473905293149846,1.7125739984497912,16.4448,65.71008,0.9971592150692714,0.6950487610227168,2.4533433957839836,0.5906882947901674,0.21884380035869422,0.11341893252769387,0.32927981831198383,0.34741688562366707,0.2719149840709121,0.29435433649598536,0.418450838953438,0.09295250025131137,0.8161172017204178,0.0034797738147020443,0.2045002711006687,0.46633610129356384,0.36672257359515403,0.23561518535833353,0.11389601892395189,0.005215619412240284,1.426265399553813,0.0037459420920524246,0.0066160191030380285
58.0,0.6287270187291953,1.0049996535029728,16.4448,65.71008,0.0,0.7184435076431874,2.731600799783635,0.5917428340012544,0.20650360418958896,0.11341893252769387,0.3508805870457728,0.33235836860795076,0.3017793020463421,0.3065034505668393,0.418450838953438,0.09295250025131137,0.8161172017204178,0.0034797738147020443,0.2045002711006687,0.46633610129356384,0.36672257359515403,0.23561518535833353,0.11389601892395189,0.0,0.0,,
59.0,0.6048400471757771,1.041584896606818,16.4448,65.71008,0.0,0.7359124278851399,2.916046278069851,0.600331050205942,0.18936415385807134,0.11341893252769387,0.3653993521910192,0.3060317365753064,0.3207518795767962,0.3330950511083274,0.418450838953438,0.09295250025131137,0.8161172017204178,0.0034797738147020443,0.2045002711006687,0.46633610129356384,0.36672257359515403,0.23561518535833353,0.11389601892395189,0.0,0.0,,
60.0,0.5815634332950441,1.2582412143320236,16.4448,65.71008,0.0,0.7472406476553658,3.0521763993832955,0.6022853794088445,0.19230875015830484,0.11341893252769387,0.37542478933539336,0.31202647121434945,0.3351542964652075,0.3321348865789655,0.418450838953438,0.09295250025131137,0.8161172017204178,0.0034797738147020443,0.2045002711006687,0.46633610129356384,0.36672257359515403,0.23561518535833353,0.11389601892395189,0.0,0.0,,
