round,train_loss,grad_sq,upload_mb,download_mb,payload_fraction,fed_f1_best,fed_auprc_lift,fed_ece,fed_prevalence,fed_f1,fed_f1_best_threshold,fed_auprc,fed_brier,fed_auroc,global_auroc,global_auprc,global_auprc_lift,global_f1,global_f1_best,global_f1_best_threshold,global_ece,global_brier,global_prevalence,divergence_total,dispersion_abs,divergence_slow,divergence_medium
1.0,0.6885055100398161,0.12054787051444782,3.65056,3.65056,0.9971592150692714,0.26659440158789005,1.637008419070988,0.3889768643596092,0.11381806735914382,0.21442005800865635,0.5110989101885398,0.18675656606322047,0.25032762596448044,0.6114314235108141,0.6412204487392795,0.17452257106889024,1.5322973771841715,0.2637451815784135,0.26671021119094274,0.5009164214134216,0.381090831701694,0.24538455874042878,0.11389601892395189,0.027642209937665845,2.9870325850788504,0.023298724590794642,0.03051515684493615
2.0,0.6806949392215376,0.1283677277974105,7.30112,7.30112,0.9971592150692714,0.2763547469101918,1.8520625957436574,0.3666413785846946,0.11381806735914382,0.25085624561903075,0.5008112219958174,0.21160047324870523,0.2326372572729171,0.6427848825066127,0.6459256523292861,0.17458562332566457,1.532850972097936,0.24657121326299924,0.27311205168188907,0.4963270425796509,0.36902916565071714,0.23568818980046374,0.11389601892395189,0.01854340598982768,2.1358987612184137,0.01553389475908542,0.02054361135606026
3.0,0.6702918358648606,0.22219581796897928,10.95168,10.95168,0.9971592150692714,0.28220402464212135,1.9235083782428999,0.3533526020320961,0.11381806735914382,0.2529089235559782,0.5096241663603202,0.21998581130806844,0.22350514332828286,0.6536150516865854,0.602018170200584,0.14304433083782225,1.2559203753498411,0.186850050318685,0.24149253731343281,0.484488844871521,0.36710742570456467,0.2345650289213126,0.11389601892395189,0.015128073358555703,1.8681408937554806,0.013488915233438453,0.016241346055884832
4.0,0.6574231780632357,0.24375003834286937,14.60224,14.60224,0.9971592150692714,0.2849328382542828,1.9896441489633445,0.3469991007239931,0.11381806735914382,0.263341822903564,0.4958203720509875,0.22691982839610947,0.21926140298368735,0.6579658937032101,0.599922386660756,0.14201480132309605,1.2468811699021631,0.17832295862321493,0.24123484013230428,0.478390097618103,0.3628054753788117,0.23135693624582962,0.11389601892395189,0.01190107116986698,1.5800765960011631,0.010863956594543428,0.012626907291677397
5.0,0.6513945039484121,0.3014964907490996,18.2528,18.2528,0.9971592150692714,0.2869558300658564,2.015321539145747,0.3536390844140369,0.11381806735914382,0.2662302588719278,0.5260379562484494,0.23004183773180276,0.22414751986389952,0.6586995592645521,0.5760905009234137,0.13650941023351293,1.198544176725439,0.18263742865725444,0.23027041942604856,0.47587236762046814,0.3642143438126266,0.23275708337087925,0.11389601892395189,0.009571827698804037,1.3543489794246852,0.009415027220457407,0.009684994015109381
6.0,0.6496634360066195,0.4060539726794448,18.2528,18.2528,0.0,0.3039823813446699,2.16501532538868,0.3324504124473805,0.11381806735914382,0.27993610310462447,0.5182790587430184,0.2462745563918662,0.2097199931126056,0.6773700064691549,0.5760905009234137,0.13650941023351293,1.198544176725439,0.18263742865725444,0.23027041942604856,0.47587236762046814,0.3642143438126266,0.23275708337087925,0.11389601892395189,0.0,0.0,,
7.0,0.6313310955304747,0.49420830738692534,18.2528,18.2528,0.0,0.3091915160284065,2.2852204041632516,0.3351769849203051,0.11381806735914382,0.29216283695567963,0.5091702959505235,0.25954638839050637,0.21035709548378306,0.6874012656286212,0.5760905009234137,0.13650941023351293,1.198544176725439,0.18263742865725444,0.23027041942604856,0.47587236762046814,0.3642143438126266,0.23275708337087925,0.11389601892395189,0.0,0.0,,
8.0,0.6165690872850222,0.6185967949354623,18.2528,18.2528,0.0,0.3219819744455347,2.379050080782159,0.33901476978570894,0.11381806735914382,0.30114393667895323,0.5514337568884193,0.2701561416430298,0.2140871868247809,0.6979221229039569,0.5760905009234137,0.13650941023351293,1.198544176725439,0.18263742865725444,0.23027041942604856,0.47587236762046814,0.3642143438126266,0.23275708337087925,0.11389601892395189,0.0,0.0,,
9.0,0.6464204357830673,0.3408606387142201,21.90336,21.90336,0.9971592150692714,0.2920443251089938,2.0623004569953602,0.3443117034343342,0.11381806735914382,0.2666476339136228,0.5191299427688816,0.23499936101527122,0.21690825763051913,0.6654994158200209,0.5917192869361362,0.14175415994394258,1.2445927547177176,0.20299175171256814,0.23359925644799007,0.4850648045539856,0.3643183253198896,0.2325831019624847,0.11389601892395189,0.009815788335463402,1.4637709663948044,0.008019683843972671,0.01116409118624896
10.0,0.6432130192041853,0.3377176068119084,21.90336,21.90336,0.0,0.3027312768527222,2.182668035854605,0.30826044343845777,0.11381806735914382,0.2863855292862974,0.5059138238842772,0.2484516622999962,0.1950609813901959,0.679136530999819,0.5917192869361362,0.14175415994394258,1.2445927547177176,0.20299175171256814,0.23359925644799007,0.4850648045539856,0.3643183253198896,0.2325831019624847,0.11389601892395189,0.0,0.0,,
11.0,0.6308203514569992,0.42636284690058,21.90336,21.90336,0.0,0.31727486158924934,2.3131998086550833,0.3361757686962618,0.11381806735914382,0.2931936879251891,0.5360271360332349,0.2630548432806106,0.21164566889412378,0.6921824761323353,0.5917192869361362,0.14175415994394258,1.2445927547177176,0.20299175171256814,0.23359925644799007,0.4850648045539856,0.3643183253198896,0.2325831019624847,0.11389601892395189,0.0,0.0,,
12.0,0.6122340238487418,0.4968563310713468,21.90336,21.90336,0.0,0.32047052466477366,2.3928428080719564,0.3311745992069316,0.11381806735914382,0.29820847321175414,0.5485265630688125,0.27205944174431457,0.20943474404278725,0.6987192275363738,0.5917192869361362,0.14175415994394258,1.2445927547177176,0.20299175171256814,0.23359925644799007,0.4850648045539856,0.3643183253198896,0.2325831019624847,0.11389601892395189,0.0,0.0,,
13.0,0.6432692203697853,0.40329828770776543,25.55392,25.55392,0.9971592150692714,0.2910356137372424,2.056031374364385,0.3407899488348762,0.11381806735914382,0.27048961761773394,0.5216596052993346,0.23530203368255442,0.21642202093637586,0.6665857569007685,0.6185624010695345,0.15278893970723462,1.3414774383751853,0.2227177700348432,0.25009214891264286,0.49218693375587463,0.36170079705369473,0.23023523034617369,0.11389601892395189,0.008320935010196324,1.3184030799893662,0.006947676512530028,0.009373467512281889
14.0,0.6354688704415958,0.3994213588634227,25.55392,25.55392,0.0,0.3028378530138779,2.1874277014724357,0.3492131594487582,0.11381806735914382,0.27805738429762117,0.5692593811291512,0.2492197973390231,0.2214670795195278,0.679509516119101,0.6185624010695345,0.15278893970723462,1.3414774383751853,0.2227177700348432,0.25009214891264286,0.49218693375587463,0.36170079705369473,0.23023523034617369,0.11389601892395189,0.0,0.0,,
15.0,0.6199554078448051,0.4890554632900737,25.55392,25.55392,0.0,0.3195903585324703,2.3476621617932674,0.34190367615770284,0.11381806735914382,0.29762141500979666,0.5688458597468699,0.2675849413009688,0.2159367451905368,0.6962602306052492,0.6185624010695345,0.15278893970723462,1.3414774383751853,0.2227177700348432,0.25009214891264286,0.49218693375587463,0.36170079705369473,0.23023523034617369,0.11389601892395189,0.0,0.0,,
16.0,0.6159596245648615,0.9197335541145648,25.55392,25.55392,0.0,0.3288164598393297,2.4632486449112534,0.3250339154959625,0.11381806735914382,0.30671246220606685,0.559306039452215,0.28000590803790715,0.2041946236360391,0.7080494353779905,0.6185624010695345,0.15278893970723462,1.3414774383751853,0.2227177700348432,0.25009214891264286,0.49218693375587463,0.36170079705369473,0.23023523034617369,0.11389601892395189,0.0,0.0,,
17.0,0.6419111487259771,0.4809755334092324,29.20448,29.20448,0.9971592150692714,0.29558239674970943,2.0836047553009265,0.3572416008686659,0.11381806735914382,0.27149346282297165,0.5331543565847081,0.23786421284447934,0.226970358691809,0.6708203374991143,0.622286475972895,0.15356686626116559,1.348307585392443,0.24579589956231282,0.2553150367220719,0.4966217279434204,0.3673188960979999,0.2343932224711301,0.11389601892395189,0.00844345801403571,1.4164187934948131,0.006690268143217366,0.009812380307337398
18.0,0.6387301615601433,0.45452744852295435,29.20448,29.20448,0.0,0.30925121057538374,2.2482573736827796,0.34355963104301035,0.11381806735914382,0.28488677356234104,0.544073701752857,0.2552860146062159,0.21644692283821906,0.6861575039973592,0.622286475972895,0.15356686626116559,1.348307585392443,0.24579589956231282,0.2553150367220719,0.4966217279434204,0.3673188960979999,0.2343932224711301,0.11389601892395189,0.0,0.0,,
19.0,0.6249843815082403,0.5702318600873151,29.20448,29.20448,0.0,0.3257083438404075,2.402213810901839,0.332134411770582,0.11381806735914382,0.302590810210929,0.5313868201600705,0.27086472362280123,0.208995343277553,0.7011818615936711,0.622286475972895,0.15356686626116559,1.348307585392443,0.24579589956231282,0.2553150367220719,0.4966217279434204,0.3673188960979999,0.2343932224711301,0.11389601892395189,0.0,0.0,,
20.0,0.6071314600093315,0.6276726405540773,29.20448,29.20448,0.0,0.3404876202618041,2.499976184896366,0.3210423047143965,0.11381806735914382,0.31150765773099937,0.5465577851536516,0.28183487163816945,0.2020754191237109,0.7107997395325957,0.622286475972895,0.15356686626116559,1.348307585392443,0.24579589956231282,0.2553150367220719,0.4966217279434204,0.3673188960979999,0.2343932224711301,0.11389601892395189,0.0,0.0,,
21.0,0.6393335584664166,0.4934649802654758,32.85504,32.85504,0.9971592150692714,0.297658739154558,2.0886882385563097,0.35098618805305287,0.11381806735914382,0.2725032572282377,0.5742998649836113,0.23909398786513308,0.22276361729599958,0.6711658686600409,0.633417061602096,0.16024271383302297,1.4069211140735012,0.25713287527658085,0.26436433404018983,0.4963664412498474,0.36501374475950804,0.23248806589242374,0.11389601892395189,0.00807658933886053,1.4344151080586016,0.005800039143373669,0.009892382190249656
22.0,0.6461656401449041,0.5986871279679641,32.85504,32.85504,0.0,0.31510095627640683,2.2833539736970994,0.3592990260905427,0.11381806735914382,0.2863719784847195,0.5820928243972388,0.25912595979434455,0.22783199426578038,0.6895549308061376,0.633417061602096,0.16024271383302297,1.4069211140735012,0.25713287527658085,0.26436433404018983,0.4963664412498474,0.36501374475950804,0.23248806589242374,0.11389601892395189,0.0,0.0,,
23.0,0.619626467463734,0.6220799554541038,32.85504,32.85504,0.0,0.33125865369300483,2.418223302068932,0.32327768192232265,0.11381806735914382,0.30970455697790417,0.5404960764816508,0.2738860928994757,0.202224192929684,0.7022837618045228,0.633417061602096,0.16024271383302297,1.4069211140735012,0.25713287527658085,0.26436433404018983,0.4963664412498474,0.36501374475950804,0.23248806589242374,0.11389601892395189,0.0,0.0,,
24.0,0.5985218147823201,0.6725036296450768,32.85504,32.85504,0.0,0.34179178029721646,2.512740394426085,0.33067299244438164,0.11381806735914382,0.31053989588395225,0.5695688691010145,0.28493425167659636,0.20721032258989344,0.7155277969502988,0.633417061602096,0.16024271383302297,1.4069211140735012,0.25713287527658085,0.26436433404018983,0.4963664412498474,0.36501374475950804,0.23248806589242374,0.11389601892395189,0.0,0.0,,
25.0,0.6438976156412951,0.8396774474534482,36.5056,36.5056,0.9971592150692714,0.30007442611239443,2.1196293847590284,0.31441993135601265,0.11381806735914382,0.280425047860115,0.5298128444123351,0.24234923769271957,0.20053421626863238,0.6733391870846515,0.6402325684475962,0.16545068144175415,1.452646747488384,0.2563267351540967,0.26951456310679606,0.49274158477783203,0.3575678155267897,0.22691897171085615,0.11389601892395189,0.007253121857610624,1.365833807270974,0.0053314988037820345,0.008807873629853533
26.0,0.6422490013766987,0.7230143954109869,36.5056,36.5056,0.0,0.3159392170292147,2.3109683030674595,0.346309899743019,0.11381806735914382,0.28598175652304675,0.5523120952864509,0.2629616040537329,0.218521214812048,0.692338395914316,0.6402325684475962,0.16545068144175415,1.452646747488384,0.2563267351540967,0.26951456310679606,0.49274158477783203,0.3575678155267897,0.22691897171085615,0.11389601892395189,0.0,0.0,,
27.0,0.6176493132323946,0.5684626940036634,36.5056,36.5056,0.0,0.3285775065334878,2.494723716371469,0.3237058549027727,0.11381806735914382,0.2974966803164099,0.5541448103732421,0.2812222148525415,0.20515117299633187,0.7042481290774611,0.6402325684475962,0.16545068144175415,1.452646747488384,0.2563267351540967,0.26951456310679606,0.49274158477783203,0.3575678155267897,0.22691897171085615,0.11389601892395189,0.0,0.0,,
28.0,0.6109463155183155,1.2216888454003154,36.5056,36.5056,0.0,0.34249879613814477,2.587920148784759,0.3177330160269916,0.11381806735914382,0.30953744106130227,0.578066138775423,0.29117590375125363,0.20057641738675983,0.7158536387277232,0.6402325684475962,0.16545068144175415,1.452646747488384,0.2563267351540967,0.26951456310679606,0.49274158477783203,0.3575678155267897,0.22691897171085615,0.11389601892395189,0.0,0.0,,
29.0,0.6399193194380881,0.7570417768245185,40.15616,40.15616,0.9971592150692714,0.3008171800011047,2.124721565131167,0.3274031463258852,0.11381806735914382,0.2762223037602434,0.5259223822437444,0.24369746785721114,0.20814392475515667,0.6747575214558569,0.6348805159169967,0.16032979843404035,1.4076857114829642,0.25194976867151353,0.26366824840107284,0.49402281641960144,0.3587859282556469,0.22790719740540755,0.11389601892395189,0.006521409608677572,1.2980603380128741,0.004877973713422785,0.007872753770388268
30.0,0.645148255343205,0.7131182925804731,40.15616,40.15616,0.0,0.3198862360667948,2.3260290335737746,0.3433481722420535,0.11381806735914382,0.29501291469036983,0.5679192731130562,0.26525180458704567,0.21613231904166116,0.6956022881140007,0.6348805159169967,0.16032979843404035,1.4076857114829642,0.25194976867151353,0.26366824840107284,0.49402281641960144,0.3587859282556469,0.22790719740540755,0.11389601892395189,0.0,0.0,,
31.0,0.6228509671801449,0.6748641211817834,40.15616,40.15616,0.0,0.332908494399107,2.445207628864306,0.33324334885049134,0.11381806735914382,0.29774996076178345,0.5627961320212174,0.2779660425481687,0.20997928247902714,0.7058809323604759,0.6348805159169967,0.16032979843404035,1.4076857114829642,0.25194976867151353,0.26366824840107284,0.49402281641960144,0.3587859282556469,0.22790719740540755,0.11389601892395189,0.0,0.0,,
32.0,0.5982212732059112,0.6810985286327937,40.15616,40.15616,0.0,0.3473186763095159,2.6063485971902454,0.30392827466276834,0.11381806735914382,0.3128886923023863,0.5793834068619834,0.2962140364741335,0.194228744471922,0.7220702005518032,0.6348805159169967,0.16032979843404035,1.4076857114829642,0.25194976867151353,0.26366824840107284,0.49402281641960144,0.3587859282556469,0.22790719740540755,0.11389601892395189,0.0,0.0,,
33.0,0.6430524555057883,0.8066267856749262,43.80672,43.80672,0.9971592150692714,0.30519128105042775,2.164443757737983,0.34002247973549543,0.11381806735914382,0.2820528376682669,0.5366402215990663,0.24849878239144302,0.21472328755028244,0.6795214328466269,0.6315833231640943,0.16129432621428888,1.416154205723246,0.25721153846153844,0.26117673032343525,0.4980885684490204,0.366719597949734,0.23388800166064783,0.11389601892395189,0.006372731867143348,1.3345717887859792,0.00472002100526736,0.00776649974466131
34.0,0.6364236310865157,0.7981930844737953,43.80672,43.80672,0.0,0.3204991503256319,2.312592468622614,0.33392656149848626,0.11381806735914382,0.28929299822136184,0.5510583928838105,0.2639107009775255,0.21114717290819415,0.6960279526085928,0.6315833231640943,0.16129432621428888,1.416154205723246,0.25721153846153844,0.26117673032343525,0.4980885684490204,0.366719597949734,0.23388800166064783,0.11389601892395189,0.0,0.0,,
35.0,0.6146923698545288,0.7177509877710342,43.80672,43.80672,0.0,0.3346184666596561,2.4661320619150056,0.33243641528422013,0.11381806735914382,0.29918020180217225,0.5828612945122579,0.2806945989301684,0.2086396168885575,0.7086139485644123,0.6315833231640943,0.16129432621428888,1.416154205723246,0.25721153846153844,0.26117673032343525,0.4980885684490204,0.366719597949734,0.23388800166064783,0.11389601892395189,0.0,0.0,,
36.0,0.5902551756823275,0.6965396344851815,43.80672,43.80672,0.0,0.34623157603777127,2.6414198343028663,0.3077180535459541,0.11381806735914382,0.3182327618302657,0.5699581509271356,0.3002866525128989,0.19283343589407584,0.7211886747377665,0.6315833231640943,0.16129432621428888,1.416154205723246,0.25721153846153844,0.26117673032343525,0.4980885684490204,0.366719597949734,0.23388800166064783,0.11389601892395189,0.0,0.0,,
37.0,0.6391764272608319,0.7628883750313797,47.45728,47.45728,0.9971592150692714,0.3061209601084069,2.1903175955425085,0.3353266238268063,0.11381806735914382,0.2844200442499785,0.5435286838846234,0.25120764429256276,0.2116667420023412,0.6814485438768192,0.6375981624389989,0.166524488416718,1.4620747062977328,0.26905047421781314,0.27048087767866297,0.498180627822876,0.3692657445240132,0.23557090408405035,0.11389601892395189,0.006128918494932212,1.3522847961867228,0.004535944955959736,0.007499431437060785
38.0,0.6347056639193415,0.7358611107965614,47.45728,47.45728,0.0,0.3180400817380424,2.3551071696799286,0.3459484755174428,0.11381806735914382,0.29080289057239694,0.5598781800285091,0.2684361232187715,0.21784531142464225,0.6978836102306849,0.6375981624389989,0.166524488416718,1.4620747062977328,0.26905047421781314,0.27048087767866297,0.498180627822876,0.3692657445240132,0.23557090408405035,0.11389601892395189,0.0,0.0,,
39.0,0.6110272579131875,0.8627205912128847,47.45728,47.45728,0.0,0.3403324016004001,2.5074778906568156,0.3162605885184098,0.11381806735914382,0.3149848109403393,0.5749094932455291,0.28506541146738607,0.19913862875920826,0.7153085235321971,0.6375981624389989,0.166524488416718,1.4620747062977328,0.26905047421781314,0.27048087767866297,0.498180627822876,0.3692657445240132,0.23557090408405035,0.11389601892395189,0.0,0.0,,
40.0,0.5906741590429144,0.9260902421130186,47.45728,47.45728,0.0,0.35077376786312514,2.644014509633394,0.3039831168619523,0.11381806735914382,0.3192325151227837,0.5597460558120282,0.29956814669178533,0.19130784689276112,0.7268367904458416,0.6375981624389989,0.166524488416718,1.4620747062977328,0.26905047421781314,0.27048087767866297,0.498180627822876,0.3692657445240132,0.23557090408405035,0.11389601892395189,0.0,0.0,,
41.0,0.6383150429831241,0.9770308484568984,51.10784,51.10784,0.9971592150692714,0.3094054948695947,2.202165421499312,0.35126046779904674,0.11381806735914382,0.277832215424203,0.5674673784612146,0.25251424472309986,0.22365169063007434,0.6825793397166909,0.6205761613927763,0.15431757692775913,1.3548987786025832,0.24336080586080586,0.256769035071779,0.4936532974243164,0.3692174022157165,0.23590180277353098,0.11389601892395189,0.005880058600428826,1.3633117037825286,0.004374579349008522,0.0072018034744183255
42.0,0.6369358039126287,0.9054619596073927,51.10784,51.10784,0.0,0.3272714460554582,2.4072578955954036,0.3359277125921712,0.11381806735914382,0.30121254463637537,0.5585879441098593,0.273934361591132,0.21009312572592953,0.7038997512621279,0.6205761613927763,0.15431757692775913,1.3548987786025832,0.24336080586080586,0.256769035071779,0.4936532974243164,0.3692174022157165,0.23590180277353098,0.11389601892395189,0.0,0.0,,
43.0,0.6149532731352124,0.8802915851407681,51.10784,51.10784,0.0,0.33755975148873013,2.564486129895259,0.3168411227137198,0.11381806735914382,0.31664631882175837,0.5309563171987381,0.29142655197846695,0.19713538953719406,0.7191358507329143,0.6205761613927763,0.15431757692775913,1.3548987786025832,0.24336080586080586,0.256769035071779,0.4936532974243164,0.3692174022157165,0.23590180277353098,0.11389601892395189,0.0,0.0,,
44.0,0.5866039017083539,0.8378366978585123,51.10784,51.10784,0.0,0.35488524059118637,2.7146781750675193,0.3136441581407935,0.11381806735914382,0.3232790092044091,0.565983936075223,0.30724755066999354,0.19507776703803184,0.7334685404144936,0.6205761613927763,0.15431757692775913,1.3548987786025832,0.24336080586080586,0.256769035071779,0.4936532974243164,0.3692174022157165,0.23590180277353098,0.11389601892395189,0.0,0.0,,
45.0,0.6312920778307574,0.9278441036515925,54.7584,54.7584,0.9971592150692714,0.31037111788922467,2.222778142321544,0.3283509496349676,0.11381806735914382,0.2829437537472839,0.5638081337300943,0.2550659798657542,0.20776414015554512,0.6829108503527148,0.6172843900030265,0.1517688287340184,1.3325209271392893,0.23696682464454977,0.254328802830013,0.4923449456691742,0.3680201209157239,0.23512660592250953,0.11389601892395189,0.006215339336304374,1.5168244696687907,0.004025983057193047,0.008174535795107078
46.0,0.6406555141937822,1.1123430839573256,54.7584,54.7584,0.0,0.32579374805348743,2.419486348300889,0.33226014342701937,0.11381806735914382,0.2944624933002643,0.5865138501275965,0.2761542642172361,0.20926868296856005,0.7030566049243389,0.6172843900030265,0.1517688287340184,1.3325209271392893,0.23696682464454977,0.254328802830013,0.4923449456691742,0.3680201209157239,0.23512660592250953,0.11389601892395189,0.0,0.0,,
47.0,0.6104154823953,1.2270848714756628,54.7584,54.7584,0.0,0.3403386154252322,2.578025435407444,0.3229605931787511,0.11381806735914382,0.31006614991758885,0.5583945797530593,0.2933310617777815,0.20201640137624166,0.7180240896699603,0.6172843900030265,0.1517688287340184,1.3325209271392893,0.23696682464454977,0.254328802830013,0.4923449456691742,0.3680201209157239,0.23512660592250953,0.11389601892395189,0.0,0.0,,
48.0,0.584870079797608,0.9032475174822145,54.7584,54.7584,0.0,0.35173509145915804,2.768258491373224,0.3295386661940158,0.11381806735914382,0.3176040430851128,0.5790337542017413,0.3140109689826173,0.20584778573626844,0.7355763427232587,0.6172843900030265,0.1517688287340184,1.3325209271392893,0.23696682464454977,0.254328802830013,0.4923449456691742,0.3680201209157239,0.23512660592250953,0.11389601892395189,0.0,0.0,,
49.0,0.6383808620841388,1.211769750703501,58.40896,58.40896,0.9971592150692714,0.3128795150699524,2.2500839174940057,0.34461167986907226,0.11381806735914382,0.28289049046206993,0.5758392796431617,0.25830326337787707,0.21726860563411077,0.688517870933886,0.6076681216166364,0.14941963058871338,1.3118951127561405,0.2086657281401533,0.24767358625626343,0.4894154667854309,0.36836183854405524,0.23559288399835632,0.11389601892395189,0.005278706552730194,1.3573978394269943,0.0037315996819649935,0.006682128903514456
50.0,0.6398766074476561,0.9887645511789446,58.40896,58.40896,0.0,0.3271985708847934,2.4491949157943944,0.3130190579498554,0.11381806735914382,0.30521987442253967,0.5461839406434793,0.2799145458785368,0.19542030718107364,0.7083548102202437,0.6076681216166364,0.14941963058871338,1.3118951127561405,0.2086657281401533,0.24767358625626343,0.4894154667854309,0.36836183854405524,0.23559288399835632,0.11389601892395189,0.0,0.0,,
51.0,0.6072629241733655,1.025595985335914,58.40896,58.40896,0.0,0.3463440673721351,2.637909683111665,0.3510325213058198,0.11381806735914382,0.2986278727718709,0.5902416807696397,0.30008603080427126,0.22047774728977992,0.7232120980873632,0.6076681216166364,0.14941963058871338,1.3118951127561405,0.2086657281401533,0.24767358625626343,0.4894154667854309,0.36836183854405524,0.23559288399835632,0.11389601892395189,0.0,0.0,,
52.0,0.5867037298326013,0.9640637451831594,58.40896,58.40896,0.0,0.3597900057500207,2.7905408541612364,0.3218853582689485,0.11381806735914382,0.3247913842877517,0.5607284924332586,0.31573918036168097,0.19967526542331077,0.738834849395532,0.6076681216166364,0.14941963058871338,1.3118951127561405,0.2086657281401533,0.24767358625626343,0.4894154667854309,0.36836183854405524,0.23559288399835632,0.11389601892395189,0.0,0.0,,
53.0,0.6388896708407167,1.224771489032201,62.05952,62.05952,0.9971592150692714,0.3149056476990473,2.2767315196524422,0.3272301680436854,0.11381806735914382,0.2838297905038319,0.5401043666639829,0.26113819992917253,0.20631929011447506,0.6897480423233557,0.6168017882868336,0.15524529904899437,1.3630441214337026,0.22339955849889626,0.25341312885730316,0.4907935559749603,0.3669807730266327,0.2343966490624812,0.11389601892395189,0.005243344634227533,1.413222102331929,0.0034819451323801565,0.006880312561085862
54.0,0.6420848277814473,1.472752322137806,62.05952,62.05952,0.0,0.32887067280999904,2.4451441249244628,0.3092172580883423,0.11381806735914382,0.3052091519765947,0.5691591423076393,0.278619014457024,0.1953701677887505,0.7074976947195238,0.6168017882868336,0.15524529904899437,1.3630441214337026,0.22339955849889626,0.25341312885730316,0.4907935559749603,0.3669807730266327,0.2343966490624812,0.11389601892395189,0.0,0.0,,
55.0,0.6068895535984111,0.9875043245934103,62.05952,62.05952,0.0,0.3458446910799012,2.63406829960523,0.3355157967876124,0.11381806735914382,0.3037352434088835,0.6020118281944091,0.2992098332486561,0.2110712759953652,0.7203518039472815,0.6168017882868336,0.15524529904899437,1.3630441214337026,0.22339955849889626,0.25341312885730316,0.4907935559749603,0.3669807730266327,0.2343966490624812,0.11389601892395189,0.0,0.0,,
56.0,0.5887752075787531,1.1950119160139727,62.05952,62.05952,0.0,0.35866116888346655,2.820287490934498,0.34879642347731915,0.11381806735914382,0.3083409985362738,0.5906382570485855,0.31937808963994097,0.21865069416019,0.7358939362393712,0.6168017882868336,0.15524529904899437,1.3630441214337026,0.22339955849889626,0.25341312885730316,0.4907935559749603,0.3669807730266327,0.2343966490624812,0.11389601892395189,0.0,0.0,,
57.0,0.6415084348241494,1.2295775847464403,65.71008,65.71008,0.9971592150692714,0.31606012686448925,2.296419428840732,0.3319076097446359,0.11381806735914382,0.28730861427981574,0.5633061224066462,0.26321124370304766,0.2088918620173247,0.6904546788221918,0.6108006028154244,0.15324853228428187,1.345512632769066,0.21214953271028036,0.2477126071462968,0.4912112355232239,0.367311132815759,0.23477060670708233,0.11389601892395189,0.004748878094085307,1.3501936241518706,0.003153843311829261,0.006244570025779535
58.0,0.632435424187965,1.2101874276851765,65.71008,65.71008,0.0,0.33574200140723304,2.5493255282769605,0.3295999347078381,0.11381806735914382,0.305622063384052,0.5622451712847281,0.2908769690980648,0.20583942563241306,0.7140159247682613,0.6108006028154244,0.15324853228428187,1.345512632769066,0.21214953271028036,0.2477126071462968,0.4912112355232239,0.367311132815759,0.23477060670708233,0.11389601892395189,0.0,0.0,,
59.0,0.6108440589559829,1.1101319865001023,65.71008,65.71008,0.0,0.3482694045735106,2.732896551110223,0.32384459558847406,0.11381806735914382,0.3141998116907751,0.5765828044601385,0.3106151610108764,0.2012169825485754,0.7269695504097857,0.6108006028154244,0.15324853228428187,1.345512632769066,0.21214953271028036,0.2477126071462968,0.4912112355232239,0.367311132815759,0.23477060670708233,0.11389601892395189,0.0,0.0,,
60.0,0.5836174117286673,1.3681459235084594,65.71008,65.71008,0.0,0.36418821297092724,2.8789518653760604,0.31706276721743765,0.11381806735914382,0.33093836068765925,0.5861022868770304,0.3259729759252633,0.1974116257910448,0.7409421057032793,0.6108006028154244,0.15324853228428187,1.345512632769066,0.21214953271028036,0.2477126071462968,0.4912112355232239,0.367311132815759,0.23477060670708233,0.11389601892395189,0.0,0.0,,
