round,train_loss,grad_sq,upload_mb,download_mb,payload_fraction,fed_f1_best_threshold,fed_prevalence,fed_auprc_lift,fed_ece,fed_auroc,fed_f1,fed_f1_best,fed_auprc,fed_brier,global_auroc,global_auprc,global_auprc_lift,global_f1,global_f1_best,global_f1_best_threshold,global_ece,global_brier,global_prevalence,divergence_total,dispersion_abs,divergence_slow,divergence_medium
1.0,0.7778086399961777,22.59584305549666,22.86592,22.86592,0.9990981606672212,0.540622102003826,0.11379657603222558,1.6214783652648457,0.3816885784144578,0.5996207350245577,0.1883459844400761,0.26200219396273294,0.18457880942450142,0.2529821063220083,0.3923802439703775,0.08929611769193585,0.784014389050408,0.2045002711006687,0.2045649717514124,0.5377517342567444,0.5050635685635847,0.35925795354215617,0.11389601892395189,0.006280534621602941,7.5161198758287355,0.013396498829448126,0.006017135473497507
2.0,0.6850332896257644,5.803569275980395,44.06272,44.06272,0.926168021756,0.49198485278568543,0.11379657603222558,1.9520511566588563,0.3425464787054339,0.6490334616494376,0.22263416492597493,0.2873547696944676,0.22044540988742592,0.21767621064882198,0.35569357833008863,0.08369661473410389,0.7348510994926691,0.2045002711006687,0.20450951154489178,0.5648765563964844,0.5410858203872916,0.3970540548646902,0.11389601892395189,0.0022094752259088314,2.5615724355448037,,0.0022094752259088314
3.0,0.6650811886372823,4.11021222396498,65.25952,65.25952,0.926168021756,0.4669131718984873,0.11379657603222558,2.074586630250424,0.31682573939408176,0.6682590274239831,0.2376410792473731,0.30013099268389054,0.2336059495383864,0.19848670744241076,0.3699662329392086,0.08813836207301223,0.7738493663405568,0.2045002711006687,0.20450951154489178,0.5599952936172485,0.5375234637066525,0.39219189043385205,0.11389601892395189,0.0015430762795899658,1.7983015885693021,,0.0015430762795899658
4.0,0.6570184432705208,3.7183616269414927,86.45632,86.45632,0.926168021756,0.4789744994330173,0.11379657603222558,2.136058728473192,0.31685562860708366,0.6746230474294861,0.26793085826384455,0.30301643543322937,0.23967176497631001,0.1991138345848098,0.3709030997095605,0.08850002740678103,0.7770247655967001,0.2045002711006687,0.20451875282422052,0.5421356558799744,0.521890147852246,0.3757006567724627,0.11389601892395189,0.001371552109162855,1.6075488183414564,,0.001371552109162855
5.0,0.66102570322555,3.676450513034942,88.12544,88.12544,0.07293013891122126,0.5446807893643986,0.11379657603222558,2.0088871419193977,0.3393796152657523,0.6640785585055647,0.27136258825011095,0.29588365054145804,0.2265356556330864,0.2175619287479361,0.3688715944615555,0.08843344403161746,0.7764401676819298,0.2045002711006687,0.20451875282422052,0.5282960534095764,0.5206651634554168,0.37512362762973495,0.11389601892395189,0.009665038503289836,0.4309914126060903,0.009665038503289836,
6.0,0.6543894638933322,2.8865200123648806,109.32224,109.32224,0.926168021756,0.5405577209938509,0.11379657603222558,2.0744718883883517,0.3557254533411904,0.6688896848312168,0.26905913576228446,0.29926770412921,0.23326168369643704,0.22505796212169887,0.3827629088805894,0.09241249012954114,0.8113759462588833,0.2045002711006687,0.2045002711006687,0.5479955077171326,0.5120979879167504,0.36524179390545647,0.11389601892395189,0.0015906943157593715,1.8762926199124195,,0.0015906943157593715
7.0,0.643806648883811,3.1298083092704383,130.51904,130.51904,0.926168021756,0.5409967612178783,0.11379657603222558,2.155000535620156,0.35739204145438985,0.6743473171122096,0.2730587765568491,0.30468450179929696,0.24200852412644983,0.22664501389286335,0.38921912492271427,0.09288156386052834,0.8154943845978071,0.2045002711006687,0.20451875282422052,0.5417283177375793,0.5117234258792368,0.36428398700524084,0.11389601892395189,0.001528814061143127,1.8173500825068913,,0.001528814061143127
8.0,0.6324338090362412,2.656303631428348,151.71584,151.71584,0.926168021756,0.5349071656521655,0.11379657603222558,2.2176443126612693,0.324830276024043,0.6808494030636064,0.2897493283465404,0.30979778868196306,0.24874166866192,0.20555102851796647,0.48048571548615904,0.11617119622260226,1.0199759159288044,0.2045002711006687,0.2045649717514124,0.5739495754241943,0.5186298903884247,0.370147714804673,0.11389601892395189,0.0016193957020634773,1.9421589576231781,,0.0016193957020634773
9.0,0.6227703650845003,2.424856650092059,172.91264,172.91264,0.926168021756,0.5653913169817892,0.11379657603222558,2.2967678268611986,0.3366145628747368,0.6868805564133961,0.2915221775712272,0.31433778815173746,0.25721811136822975,0.21286400152392554,0.5757972829834604,0.15361215160158598,1.3487051878797665,0.2045002711006687,0.22479303757164085,0.6273328065872192,0.5091327286233382,0.3595492637343234,0.11389601892395189,0.0016628685295610414,2.013805083348416,,0.0016628685295610414
10.0,0.6543420941712927,2.076721729321686,195.77856,195.77856,0.9990981606672212,0.5258164407473437,0.11379657603222558,2.013237497293811,0.32831556517780874,0.6631913476991064,0.27269010903282875,0.2944686260637339,0.22709056361798488,0.20841459547914196,0.6127610028698589,0.17419683614133843,1.5294374446717867,0.2045002711006687,0.2607537621520841,0.6178649663925171,0.4952001597754242,0.3449754859961334,0.11389601892395189,0.0016714657312432606,2.1282524020352867,0.009382671847414559,0.00136525042380882
11.0,0.647892843978363,1.9498920606952292,216.97536,216.97536,0.926168021756,0.5704444891042549,0.11379657603222558,2.148313456392427,0.3451741492968477,0.674494294138353,0.27581417538515635,0.30524161224477553,0.24174794739836022,0.21995042300249604,0.6374831843621382,0.18994618457789864,1.6677157496147892,0.2045002711006687,0.26955602536997886,0.6241322755813599,0.49842072911348667,0.3474423162943088,0.11389601892395189,0.001449449469308292,1.7916588598454837,,0.001449449469308292
12.0,0.6359505366474301,1.6651601372082623,238.17216,238.17216,0.926168021756,0.5689655021920966,0.11379657603222558,2.2490157925396863,0.35556598562439606,0.6832497550593487,0.28072572703069526,0.3130639226647564,0.253387378750348,0.22433465551428036,0.6509488213780814,0.20722849277920058,1.8194533464560037,0.2045002711006687,0.2750330250990753,0.6184198260307312,0.49360742130807045,0.3422846330725833,0.11389601892395189,0.0015177393332027084,1.8947554979822598,,0.0015177393332027084
13.0,0.6218236131378757,1.5386217722744293,259.36896,259.36896,0.926168021756,0.5706641927759153,0.11379657603222558,2.3227527613573833,0.340687731940258,0.6871418765776932,0.286494109365744,0.3164629178535134,0.2610172120190622,0.21591954590828003,0.6228642401816478,0.1851745810904771,1.625821366189434,0.2045002711006687,0.255005005005005,0.612516462802887,0.48708628122313014,0.33659695523288513,0.11389601892395189,0.0017909325144296834,2.260618755943142,,0.0017909325144296834
14.0,0.6117907993175513,1.3663749297063104,280.56576,280.56576,0.926168021756,0.5930192127377395,0.11379657603222558,2.3609444893003255,0.30833466290350914,0.6911499055120799,0.2936938177869288,0.32121434640543256,0.26462680896642293,0.19708193858415637,0.6327177936015767,0.18882335255065952,1.6578573538793875,0.2045002711006687,0.262828535669587,0.6051985025405884,0.4798977878650617,0.32957429939553123,0.11389601892395189,0.0018371194435032442,2.3462488577642944,,0.0018371194435032442
15.0,0.6474579663991908,1.318127378085097,282.23488,282.23488,0.07293013891122126,0.5783707115401525,0.11379657603222558,2.1102589272524264,0.35156006823891295,0.6724890692074086,0.27313918183970165,0.30122612083915246,0.23730466112167972,0.22501406724745365,0.6367219095205612,0.1912672629110394,1.679314735651543,0.2045002711006687,0.26606451612903226,0.6059317588806152,0.4792058480494491,0.32882163373022993,0.11389601892395189,0.009236469140740316,0.49945783615112305,0.009236469140740316,
16.0,0.640081725838179,1.341182112804509,303.43168,303.43168,0.926168021756,0.5376646195548658,0.11379657603222558,2.2082580735509403,0.3256374181990117,0.6806685264308759,0.2907670921258998,0.3104314957493599,0.24789591123866328,0.2061388968997896,0.6227707969639763,0.19064398537691907,1.6738423974608947,0.2045002711006687,0.2635788070643119,0.599098801612854,0.4688157476670393,0.31926325546528644,0.11389601892395189,0.0022524120925593192,2.909753273415845,,0.0022524120925593192
17.0,0.6252876398937259,1.2468145003220183,324.62848,324.62848,0.926168021756,0.5447796428405416,0.11379657603222558,2.329032248483113,0.32902697798742536,0.6907118183517791,0.2972740985602686,0.31786213225476156,0.26134063172040156,0.20950610439056863,0.6304573989032483,0.19196174789587292,1.6854122708542196,0.2045002711006687,0.26294030097569043,0.5891140103340149,0.4586228963995059,0.30965838717063926,0.11389601892395189,0.002728831558509511,3.5743024862604216,,0.002728831558509511
18.0,0.6118538635006386,1.1649442167674577,345.82528,345.82528,0.926168021756,0.5629809488695254,0.11379657603222558,2.406726732589626,0.3214706498379223,0.6987465503538494,0.2967085196587434,0.3222606335610473,0.26972365630923134,0.20379423748429373,0.6270067263555404,0.19815407895085022,1.739780554429714,0.2045002711006687,0.26463667820069203,0.5842705965042114,0.46063429138801903,0.31133785846951056,0.11389601892395189,0.002355303426367843,3.133076059515588,,0.002355303426367843
19.0,0.6039043937814699,0.9923009618591185,367.02208,367.02208,0.926168021756,0.561944812189221,0.11379657603222558,2.491314347820796,0.34031209357979464,0.7037686188610582,0.30105430448343573,0.33131096382882697,0.2787283392890686,0.21553961101713312,0.6190960916037692,0.1907444912688666,1.674724832974419,0.2045002711006687,0.2621703188557932,0.5807599425315857,0.4598167195216453,0.3109156725965908,0.11389601892395189,0.002578408479332216,3.4888169417972676,,0.002578408479332216
20.0,0.646483677047011,1.0666696119101136,389.888,389.888,0.9990981606672212,0.5231627550797701,0.11379657603222558,2.069223764076423,0.3200616136161388,0.6686108120868679,0.2774352474981557,0.29816924515176524,0.2334091364516154,0.2043549722647236,0.5979809362784521,0.17163380365617428,1.5069341780134895,0.2045002711006687,0.23959914971150922,0.5740544199943542,0.4517203700087068,0.3041889310038023,0.11389601892395189,0.002200309876657646,3.1645779400132596,0.0079324841189902,0.0019484425247536465
21.0,0.641325882381006,0.9143968157129445,411.0848,411.0848,0.926168021756,0.5640277486437066,0.11379657603222558,2.22870877094453,0.3418524903446917,0.6835584763722485,0.283477234763503,0.3104670625238039,0.25127958354704594,0.21955384628219637,0.6031664575844343,0.16664629505338657,1.463144161032142,0.2045002711006687,0.2416893732970027,0.5751767754554749,0.4524020533255958,0.3046811580484005,0.11389601892395189,0.0021155405671516568,2.9536301507614553,,0.0021155405671516568
22.0,0.6271469295664931,0.8855416750307524,432.2816,432.2816,0.926168021756,0.5842598184027821,0.11379657603222558,2.3524396834804744,0.3501055201961989,0.695317284058822,0.2890122776558131,0.3251708956993061,0.26470195667082813,0.22313323955274947,0.5943087910064002,0.16182879864562524,1.4208468406053592,0.20441914057204827,0.2368843683083512,0.5692119002342224,0.4469358618092997,0.29992663350170146,0.11389601892395189,0.002133526303471159,3.02481935499236,,0.002133526303471159
23.0,0.6128826289130962,0.9009555806692517,453.4784,453.4784,0.926168021756,0.5712990337309372,0.11379657603222558,2.425255724902388,0.3284328287140975,0.7064809992199168,0.3048826430467697,0.3346572931495492,0.2723623168431301,0.20626168764528957,0.5838698182121559,0.15903248212427787,1.3962953545414392,0.20441914057204827,0.23146020472111972,0.5624015927314758,0.44443203968510747,0.2977786131600688,0.11389601892395189,0.003053484835470511,4.393169062852394,,0.003053484835470511
24.0,0.5973298146367758,0.8238150127720483,474.6752,474.6752,0.926168021756,0.54521693462414,0.11379657603222558,2.543744799455404,0.31092207974117453,0.715895130786809,0.32094156217762554,0.3475934110880073,0.28464099328480275,0.19438597669174973,0.5779215286798394,0.15432842483982778,1.3549940225994423,0.2043380027112517,0.22673611111111114,0.5572165250778198,0.44321237294715565,0.2968214532061688,0.11389601892395189,0.0034950007978393647,5.146949247282464,,0.0034950007978393647
25.0,0.641005124319219,0.9952106537610069,476.34432,476.34432,0.07293013891122126,0.5334680833781563,0.11379657603222558,2.215019295083566,0.310799931575547,0.6824361836928824,0.2876300372487479,0.3108322279330682,0.24942655991082496,0.1969083027758426,0.5825103863027452,0.1537418444930429,1.349843883443336,0.204256857517285,0.22993119266055043,0.5582932829856873,0.44252971178890504,0.2961711312854069,0.11389601892395189,0.0067869302857402085,0.45977479650173336,0.0067869302857402085,
26.0,0.6373013889650082,0.8169499974652578,497.54112,497.54112,0.926168021756,0.5685829188663433,0.11379657603222558,2.3042514592799304,0.334268159263984,0.6929357253817434,0.2903322947407572,0.3216318462605889,0.25960116696761615,0.2111858325802596,0.5918522985751503,0.16821347903416373,1.4769039394298713,0.2043380027112517,0.2336155236374013,0.5526736378669739,0.437190899647826,0.29129412507570024,0.11389601892395189,0.0025613272695208817,3.862285104813054,,0.0025613272695208817
27.0,0.6226004612710382,0.7771118643823041,518.73792,518.73792,0.926168021756,0.5655267920874036,0.11379657603222558,2.4265668858508804,0.31687991228142204,0.7024943297519554,0.3030463729038156,0.328837720724769,0.27260228117312035,0.20146706458488664,0.5996155651151143,0.17254568198959552,1.5149404133677744,0.20459271313624447,0.2382487241471931,0.5450321435928345,0.4231097714501026,0.2790164271964867,0.11389601892395189,0.0031983475486692726,4.905409690167289,,0.0031983475486692726
28.0,0.6073021516512606,0.9843354723010694,539.93472,539.93472,0.926168021756,0.564397489222485,0.11379657603222558,2.560221077529323,0.31026473225348544,0.7160302309537959,0.3141359260187068,0.3383532732903576,0.28702948241205617,0.1964052372907838,0.6262026704329747,0.18582277949102285,1.6315125080455735,0.20451359052055537,0.25420931000330144,0.5403773784637451,0.4222044778029772,0.2777571354394644,0.11389601892395189,0.003994853910461547,6.255322423414327,,0.003994853910461547
29.0,0.5855142156283483,0.7421228159057838,561.13152,561.13152,0.926168021756,0.5615389678207078,0.11379657603222558,2.673307774870847,0.30551957845554684,0.7256314324180904,0.321930878116713,0.34905389732039915,0.29850447188124535,0.19165096402427828,0.5955979961838623,0.17673022658976817,1.5516804560813537,0.20451875282422052,0.24273037542662113,0.5440179109573364,0.4229645353314789,0.27882790276536884,0.11389601892395189,0.0031140109360179116,5.007157350715715,,0.0031140109360179116
30.0,0.6430720806525387,0.8808511738083554,583.99744,583.99744,0.9990981606672212,0.5381224643221464,0.11379657603222558,2.143749037528244,0.32177336260860206,0.6790052864647199,0.2868835284155638,0.30489316039493547,0.2432905088820713,0.20499829309881062,0.6159391515235361,0.1784722176545682,1.566975029862402,0.20450951154489178,0.24503778337531487,0.5384138822555542,0.4226754529108141,0.2785577209134711,0.11389601892395189,0.002326347622925783,3.9868723119725473,0.006780478367393366,0.0021228908940224707
31.0,0.6380276499972252,0.7032383891477163,605.19424,605.19424,0.926168021756,0.5588402165810898,0.11379657603222558,2.3603052122210766,0.33022119854984855,0.6971154336893692,0.29371407639381725,0.32254841062617123,0.26572719630950664,0.2084366710759819,0.6225771965719517,0.1798537989945776,1.579105228556457,0.2056331577742157,0.25008588114050156,0.5352647304534912,0.4153955935579918,0.2722038272067482,0.11389601892395189,0.003025251984747287,5.020122173300479,,0.003025251984747287
32.0,0.617233027821727,0.6695070592253212,626.39104,626.39104,0.926168021756,0.5705804131654995,0.11379657603222558,2.5295584976917183,0.319240770010092,0.713895074323243,0.30842832528108294,0.33491462647580594,0.2832891433567757,0.20019125538662516,0.6227789290087052,0.18034847304428359,1.5834484361099737,0.20920262932266362,0.25283324338909874,0.5325918197631836,0.4094213644573497,0.2672593013722887,0.11389601892395189,0.002888743615624694,4.876729023933876,,0.002888743615624694
33.0,0.5959889951426255,0.6865118211912979,647.58784,647.58784,0.926168021756,0.5652767765314165,0.11379657603222558,2.633545407840447,0.31266871810358954,0.7261091747122435,0.32071489132723346,0.3441045241482604,0.29513639512890155,0.19634346290915478,0.6314356161170902,0.17674843937629367,1.5518403632203177,0.21229159536498313,0.2566183182878588,0.5333201885223389,0.41343933895265544,0.27037523916373113,0.11389601892395189,0.003044651579352389,5.236021593154874,,0.003044651579352389
34.0,0.5731798458269188,0.7614772185039632,668.78464,668.78464,0.926168021756,0.6049667456565276,0.11379657603222558,2.7669064794692217,0.3284050473359048,0.7330350924279689,0.3172427552465197,0.3610780245023048,0.3096719110692772,0.207039858364973,0.6269926709695891,0.17051445670942958,1.4971063810692251,0.20804464078121368,0.2533056290139781,0.5403563976287842,0.42127728266476977,0.27694436294983404,0.11389601892395189,0.004333952161459212,7.583328727982007,,0.004333952161459212
35.0,0.646221107544336,0.8919447540028965,670.45376,670.45376,0.07293013891122126,0.5566474391055581,0.11379657603222558,2.3310731272604004,0.32788698998873544,0.6961756453065431,0.29755817614025354,0.32193731718859153,0.2634842816931063,0.20755283241035966,0.629400032297269,0.1734957162885069,1.5232816557385522,0.2074631021999443,0.254249815225425,0.5379126667976379,0.42017095585229125,0.27598127398962524,0.11389601892395189,0.006098370397984375,0.5038915472105145,0.006098370397984375,
36.0,0.6371304952227563,0.707793575822492,691.65056,691.65056,0.926168021756,0.6090211779636978,0.11379657603222558,2.47882208685971,0.3311156343991332,0.7086645422767076,0.30082530896755033,0.332183081791102,0.2794495941126886,0.2096880664040349,0.6313109875118399,0.1751439174456599,1.5377527599327514,0.2138208554821402,0.257313263277478,0.5348043441772461,0.4149313146820593,0.2715809243134991,0.11389601892395189,0.0024369147860560923,4.366851616068743,,0.0024369147860560923
37.0,0.6061797264101109,0.6419832128588705,712.84736,712.84736,0.926168021756,0.5867323580630358,0.11379657603222558,2.5863889639377624,0.3243993391026813,0.7209037506847757,0.3146014254115343,0.34453432051138677,0.28958376752306864,0.20463509470854338,0.6249565977211502,0.17295783653707486,1.518559104796792,0.20759137769447047,0.2504295532646048,0.534665584564209,0.4144781972100939,0.2714043475836318,0.11389601892395189,0.0027855007963811028,5.0658764553954825,,0.0027855007963811028
38.0,0.5889110471169401,0.7025717649207193,734.04416,734.04416,0.926168021756,0.5578717155248857,0.11379657603222558,2.7333215588079196,0.3009523144976611,0.7369290938354064,0.3352301587726726,0.3573542504317107,0.3057807026276715,0.18803235853667788,0.6169476631138834,0.1730439972394191,1.5193155904330615,0.20845950037850114,0.24504084014002336,0.5288195013999939,0.4105436043330375,0.26827619572867073,0.11389601892395189,0.0038149373723113723,7.055344913969748,,0.0038149373723113723
39.0,0.570063079190673,0.881105226802841,755.24096,755.24096,0.926168021756,0.592346579080292,0.11379657603222558,2.8628107063854986,0.3211807903750684,0.7438838630588346,0.32869187914096554,0.369057774866626,0.31861604529270043,0.2042823245355822,0.6072458953127748,0.16617100953541852,1.4589711835878172,0.21002174342755486,0.23877430760165,0.528651773929596,0.407310960928071,0.26575919422090544,0.11389601892395189,0.0034096461831561054,6.4267902979045175,,0.0034096461831561054
40.0,0.6429646311038001,0.9698621038560573,778.10688,778.10688,0.9990981606672212,0.6370910106551311,0.11379657603222558,2.2734269571386574,0.34579256227055205,0.6886611243429491,0.28151646158539534,0.3160193546283138,0.2578771276715242,0.22680795620791505,0.6271503297318247,0.1746331965830548,1.533268662354713,0.2195929957406531,0.24952281797674822,0.5243794322013855,0.40841199859254546,0.2662858653894937,0.11389601892395189,0.0024628715636922783,4.9553674519993365,0.005954449849518557,0.002298775236326547
41.0,0.6325984056843106,0.6912347665487764,799.30368,799.30368,0.926168021756,0.6073214074039658,0.11379657603222558,2.4777135339917375,0.335570062069862,0.710156887996795,0.3025010104823188,0.33320029038444043,0.27965852657707013,0.21396265568331482,0.6259670544765175,0.1730723662715774,1.5195646687803674,0.22122331032268422,0.24995140913508265,0.5236856937408447,0.4050526449089231,0.263663415444286,0.11389601892395189,0.0023208415652723594,4.512443147483282,,0.0023208415652723594
42.0,0.6109613885215738,0.630752525656533,820.50048,820.50048,0.926168021756,0.5986939677133899,0.11379657603222558,2.680834128115746,0.3190149198000648,0.7276527689101157,0.31649464003511896,0.34777328219287024,0.30120536917883717,0.20125800220582524,0.6264729354256917,0.16992008035440354,1.4918877934430594,0.21955077507118,0.2509732081520495,0.5293353199958801,0.40599114612038123,0.264460098321724,0.11389601892395189,0.0030747900457691805,6.0788144916296005,,0.0030747900457691805
43.0,0.5864815818716537,0.7426235889716217,841.69728,841.69728,0.926168021756,0.6130190312764856,0.11379657603222558,2.8232769848418475,0.3064364502073968,0.7403223081681807,0.3271138604296377,0.361633704314257,0.31551381706895715,0.1968351160028137,0.6225871357377314,0.16527592577117348,1.451112403511907,0.22189859762675296,0.24945970978697127,0.5239660143852234,0.4038581532152017,0.2628129946628669,0.11389601892395189,0.00335617717594592,6.76784366107313,,0.00335617717594592
44.0,0.5611858375530796,1.0143626049465033,862.89408,862.89408,0.926168021756,0.6334560374163788,0.11379657603222558,2.757517723527996,0.3326500911837254,0.7363862160400848,0.32027123522609174,0.35654792551288006,0.3058558563340184,0.21122032571002722,0.6086804733392168,0.15468342462316714,1.358110898735178,0.21448956090722476,0.2404800369259174,0.5287420749664307,0.4070452564471477,0.26566588808630237,0.11389601892395189,0.004495532389463874,9.236050425446592,,0.004495532389463874
45.0,0.6418887933776626,0.9878242018585632,864.5632,864.5632,0.07293013891122126,0.5929622383673806,0.11379657603222558,2.4980164991971514,0.3218343083563609,0.7154077610222661,0.30748726080985167,0.3384339804744553,0.28185395050457357,0.20403219852396398,0.6059392840457465,0.15368807692000722,1.3493718074784018,0.21504616781875976,0.2403116670084068,0.5255153179168701,0.4063805523123414,0.265141162270447,0.11389601892395189,0.004999774669090033,0.4913815122563392,0.004999774669090033,
46.0,0.6303534823311322,0.7919163542422779,885.76,885.76,0.926168021756,0.6012159865743443,0.11379657603222558,2.594188626934308,0.3283094132599521,0.7214973458720583,0.3072524132000347,0.34491920149173716,0.29339569592672476,0.20809654575833728,0.597228182514608,0.14715372567988838,1.2920006078363686,0.21137736216637443,0.23479930511109076,0.5247330665588379,0.40817588667029836,0.2667530838148062,0.11389601892395189,0.002520020698572912,5.2976795322611,,0.002520020698572912
47.0,0.6041626620870653,0.8573511458647092,906.9568,906.9568,0.926168021756,0.6058579670060857,0.11379657603222558,2.766737760995562,0.3403961795302129,0.735955493469473,0.3184807240351007,0.36151713621393106,0.3102468026109935,0.21352827229702478,0.6048200109943237,0.15196648934340024,1.3342563750614314,0.22928160048499546,0.23838682432432434,0.5155416131019592,0.3959409729485495,0.25681350817807774,0.11389601892395189,0.0030359227194456514,6.465545044426108,,0.0030359227194456514
48.0,0.5752530753580494,0.8149407926001027,928.1536,928.1536,0.926168021756,0.6534147919995066,0.11379657603222558,2.9121770884087073,0.3480536865853833,0.7422947539847783,0.31093937888993817,0.3656387611949054,0.324783580488523,0.22231680761995504,0.5888186945066382,0.1452173444821363,1.2749993007139047,0.21953178792747302,0.22870694988657456,0.5159884095191956,0.3975298122179766,0.25828550748794865,0.11389601892395189,0.0032785179036467368,7.104862330306787,,0.0032785179036467368
49.0,0.5499339324978154,1.314924358559086,949.3504,949.3504,0.926168021756,0.5954952591604367,0.11379657603222558,3.0778279697310813,0.30833809937949874,0.7540142936916486,0.33658256136019127,0.3803540737807437,0.3392414287720904,0.19250774672686272,0.5906360182617614,0.1460218221867205,1.2820625651913167,0.21385817185756315,0.23169662428759316,0.5205858945846558,0.4020434720397169,0.2618932808975351,0.11389601892395189,0.0035486093880967504,7.816881743085105,,0.0035486093880967504
50.0,0.6383838058230817,1.202094894626507,972.21632,972.21632,0.9990981606672212,0.5875158277935791,0.11379657603222558,2.420413992261562,0.3432848935195105,0.7015646746795957,0.28859646782188314,0.3283410163643198,0.27589647237342724,0.22093873417400478,0.5887233939701089,0.1466403984953214,1.2874936269127446,0.21018951513659856,0.23320083286011736,0.5187655687332153,0.4031410921297338,0.2628126852813215,0.11389601892395189,0.002783177543787751,6.536888105503749,0.004646194584308162,0.0026952421454814147
51.0,0.6312419133740942,0.9021567362218782,993.41312,993.41312,0.926168021756,0.5820170785830341,0.11379657603222558,2.6262375844158896,0.32597689218265796,0.7260281448885133,0.31115340604056135,0.34544841197208764,0.2965051420285041,0.20412442684899607,0.6018339066006553,0.15214500860013286,1.335823763091489,0.2171759747102213,0.23491305830207979,0.5151799917221069,0.4007233103272347,0.26071160952570716,0.11389601892395189,0.002764065496246768,6.290725673199631,,0.002764065496246768
52.0,0.6002837417924788,0.9328424568221919,1014.60992,1014.60992,0.926168021756,0.6337396865626205,0.11379657603222558,2.8330181346567676,0.3455360036388237,0.7412873557831697,0.31150958760138114,0.3656307420721814,0.3169926405117751,0.2190813355168888,0.5814428295419516,0.14047403216200613,1.233353311987141,0.2192480701949242,0.22542306178669813,0.5097826719284058,0.3973299720949817,0.2582495020227993,0.11389601892395189,0.002922732100031399,6.771082952560391,,0.002922732100031399
53.0,0.5724904365242658,0.8900705043680925,1035.80672,1035.80672,0.926168021756,0.6348496087510722,0.11379657603222558,3.084507508034437,0.3269479183400071,0.7552003067253937,0.3281641564158308,0.38217854774760623,0.34223175076916623,0.20459489555044125,0.5726930255016405,0.1360079498734741,1.1941413857870333,0.21879678403105074,0.22248152469856086,0.5049914121627808,0.397035787643919,0.25811263588284883,0.11389601892395189,0.0029315083662285434,6.907711961714085,,0.0029315083662285434
54.0,0.5463547401613649,1.587700299440588,1057.00352,1057.00352,0.926168021756,0.6705696011808103,0.11379657603222558,3.229237525214849,0.3328342494126144,0.7651440855784813,0.32910236122183684,0.3955733456029988,0.35513534392147866,0.21173418888706572,0.5705218699546498,0.1344070766353005,1.180085817793542,0.2196661874101394,0.2217723796671165,0.5051774978637695,0.3936161638503166,0.2554332577649888,0.11389601892395189,0.0038058262436397716,9.127029346302152,,0.0038058262436397716
55.0,0.6441471064586364,1.7464132226414044,1058.67264,1058.67264,0.07293013891122126,0.632891156871063,0.11379657603222558,2.7310823076795767,0.3087888682842131,0.7301240163814763,0.31599561480102545,0.3594216697150857,0.30807237128508946,0.19943663708134274,0.5663366779964791,0.13365319347773796,1.1734667703089596,0.21704288248608308,0.22012401352874858,0.5042531490325928,0.3938039828993137,0.255617709201336,0.11389601892395189,0.0045427932660796885,0.5137121856678277,0.0045427932660796885,
56.0,0.6310116183201916,1.3337997987011998,1079.86944,1079.86944,0.926168021756,0.6250766997956199,0.11379657603222558,2.7076049387607535,0.3420231406363151,0.7285013884652277,0.30727811535609,0.35044017773522995,0.30497838438365904,0.21745008490915904,0.5886652649096397,0.14558166057144623,1.2781979734397106,0.22346579476861167,0.22874317804318597,0.5074304342269897,0.3937817051420995,0.25530775601526934,0.11389601892395189,0.0027743039109051114,6.79634292452829,,0.0027743039109051114
57.0,0.5992648450506103,1.931123287133012,1101.06624,1101.06624,0.926168021756,0.6179281097667035,0.11379657603222558,2.933551364111288,0.3417742216451612,0.7481395843374439,0.31650273300086623,0.37262802537990436,0.3294733435706855,0.21262885798802603,0.584931175543789,0.1446885979744485,1.2703569390871927,0.21659998873048966,0.22750883025140242,0.517803966999054,0.3983975673614027,0.259003874310223,0.11389601892395189,0.003528786783610032,8.79873114603106,,0.003528786783610032
58.0,0.5766207287587177,1.3101484416393074,1122.26304,1122.26304,0.926168021756,0.6539921595228223,0.11379657603222558,3.127821889214605,0.3233089208202427,0.7636119268583734,0.3267449940854625,0.3858274461663126,0.34862130621139636,0.20439650993709543,0.5869462159111085,0.14623132026301724,1.2839019453406493,0.21145961459614596,0.22928295405753538,0.5177397727966309,0.40344291264856397,0.2630142092699876,0.11389601892395189,0.0035038938859097966,8.915746510669123,,0.0035038938859097966
59.0,0.5506339727786314,1.3166610377053902,1143.45984,1143.45984,0.926168021756,0.616361315625702,0.11379657603222558,3.3489671430668992,0.29543006315537557,0.7712718737376302,0.3486183198527284,0.40057239623878693,0.36764060470017773,0.1868258696135401,0.5924006719679232,0.1522320434916085,1.3365879240542504,0.21567549741673078,0.23340206185567014,0.5178594589233398,0.39925594438339695,0.2595635434035414,0.11389601892395189,0.003397605029399677,8.783335472631734,,0.003397605029399677
60.0,0.6549288630859222,3.4704121022878858,1166.32576,1166.32576,0.9990981606672212,0.567190875782287,0.11379657603222558,2.539484065175571,0.32719675477953813,0.7124812532479028,0.3024001445415164,0.3414765099171158,0.28914745006157544,0.2068423951076607,0.5837308581330161,0.15042557329575024,1.3207272274914985,0.2073170731707317,0.23090745732255166,0.5206431746482849,0.4013770528906778,0.26139944352842487,0.11389601892395189,0.002813875653587641,7.735180789313745,0.0041986758460774145,0.0027502979131206933
