round,train_loss,grad_sq,upload_mb,download_mb,payload_fraction,fed_f1_best_threshold,fed_auroc,fed_auprc,fed_brier,fed_f1,fed_f1_best,fed_prevalence,fed_ece,fed_auprc_lift,global_auroc,global_auprc,global_auprc_lift,global_f1,global_f1_best,global_f1_best_threshold,global_ece,global_brier,global_prevalence,divergence_total,dispersion_abs,divergence_slow,divergence_medium,divergence_fast
1.0,0.6884119686508849,0.11195270341526686,0.087525,3.66096,1.0,0.5265658029871327,0.6486595918160062,0.20935282498515748,0.2710889817422308,0.20388195658982383,0.2785521247951781,0.11385235068286238,0.41290135597130806,1.8484395184920759,0.6516622075118106,0.20770542770712463,1.8236408056177018,0.2045002711006687,0.27406742725291633,0.5266285538673401,0.41272422574871864,0.27108389258062066,0.11389601892395189,0.870125114600994,8.125196700019842,0.6290037707563079,1.0696696347154808,0.6933880438417827
2.0,0.6919768720492331,0.06803078385657971,0.17505,7.32192,1.0,0.521349229512667,0.6530795899048895,0.21345467859235284,0.2662718776708071,0.20388195658982383,0.2845304619670446,0.11385235068286238,0.4072019452827829,1.8817622675470767,0.6583340858821228,0.21334275371434103,1.8731361792091215,0.2045002711006687,0.2794328500876214,0.521849513053894,0.40704398923122065,0.2662599215108094,0.11389601892395189,0.1369485066844896,1.3433504350541625,0.08335850148678528,0.1761763049377041,0.21903358446558224
3.0,0.6870923762469812,0.07575265941583914,0.262575,10.98288,1.0,0.5128896720414345,0.6549222441231544,0.21432141103831956,0.25823305830910653,0.2042110740249708,0.2842464482298725,0.11385235068286238,0.39784873252143355,1.8888079741808028,0.6603539703378146,0.21573408993378881,1.894131963276381,0.20509334783396774,0.2799936437311298,0.5166601538658142,0.39753059637199145,0.25819082803571,0.11389601892395189,0.10799120185401138,1.1731444929537247,0.06816735026347699,0.14141476335426267,0.18399098530222227
4.0,0.6811088271556343,0.09114319760104354,0.3501,14.64384,1.0,0.5133190991835145,0.654271175747938,0.21467478600700235,0.25547346825829537,0.21919125129997943,0.28718970859308524,0.11385235068286238,0.3944736103521914,1.8928925206973812,0.6604368594665709,0.2159482339721019,1.8960121346847956,0.21997615715544497,0.28005115089514065,0.5116715431213379,0.3943007252339814,0.2554084559777551,0.11389601892395189,0.0927254369878707,1.1933342651927887,0.06058385620691753,0.12171313874476522,0.1058885516625831
5.0,0.6780527716766868,0.10406887086401122,0.437625,18.3048,1.0,0.509176110529571,0.6539465423950852,0.21455914518410532,0.2516199318326328,0.25229716044996686,0.2854924540216813,0.11385235068286238,0.3900801395107992,1.8915894375875721,0.6601136734358577,0.21586866520567147,1.8953135258380407,0.2516327603032805,0.27988497877584556,0.509658694267273,0.38974107898885374,0.2515372045256576,0.11389601892395189,0.07177873742316318,1.0891144581773915,0.043332121793566124,0.09748608857615712,0.2541106392983761
6.0,0.6764117263921581,0.1119252044550513,0.52515,21.96576,1.0,0.5040822582564035,0.654312976979567,0.21482252492024095,0.24863742840442946,0.26201716040815937,0.2854720298938883,0.11385235068286238,0.386574073546528,1.8945852139701869,0.660337166621932,0.21642793136721253,1.9002238481374925,0.26566051459223566,0.28065291661394404,0.5047100782394409,0.38618416996095556,0.24853577246024997,0.11389601892395189,0.04765202361033624,0.8700909835824859,0.030111221649520337,0.06499797032336725,0.056320645388287245
7.0,0.6755768213609665,0.1161305805831302,0.612675,25.62672,1.0,0.5045984564816212,0.6543041179769834,0.214891471393605,0.2452934226099115,0.27089021634455696,0.28554401489083414,0.11385235068286238,0.3827578057140812,1.89593949860163,0.6602484294486639,0.21644397281553396,1.900364691061354,0.27282728272827284,0.2801445907565195,0.5028383135795593,0.38233109634873774,0.24515978966877724,0.11389601892395189,0.034349288573168456,0.7472882543470405,0.02222448236527321,0.04739676570889152,0.0029576448380818215
8.0,0.6724000403173928,0.1342603555388539,0.7002,29.28768,1.0,0.5016191767092446,0.653995454563881,0.21468716488665537,0.2411801138708359,0.2645693393349753,0.2845785258517629,0.11385235068286238,0.3778973432377696,1.8938107597398954,0.6601781023211014,0.21636071845929766,1.8996337229641118,0.2791897819636176,0.2801294498381877,0.5000937581062317,0.3774367365985171,0.24101029969529358,0.11389601892395189,0.025730852344723356,0.6481709337085704,0.02146291749504905,0.030584087122807465,0.0015658070172229214
9.0,0.670955634435284,0.15057565403654077,0.787725,32.94864,1.0,0.4951237224089775,0.6539835408487085,0.21446766699301711,0.2347595516587472,0.2639148650225281,0.2845775913182794,0.11385235068286238,0.3695079016767265,1.8919675522087651,0.6602431335800288,0.2165242467740981,1.9010694914514161,0.2758519818633904,0.27985810011824996,0.4942510426044464,0.36924309035217256,0.23456056591056726,0.11389601892395189,0.018364421666552864,0.5246222566674987,0.00962880371880078,0.02848032945554439,0.0014358680774646862
10.0,0.6688489012744501,0.17492641753046326,0.87525,36.6096,1.0,0.4949348548828029,0.6542295202471465,0.21449948498020002,0.23273833663619434,0.26217858771650676,0.2851838504919717,0.11385235068286238,0.3673990126733206,1.8922957918247671,0.6602562728560027,0.21662807821434757,1.9019811250732972,0.2755939524838013,0.2796432318992655,0.4942764639854431,0.3669389912761016,0.23250561849863788,0.11389601892395189,0.017128439999948793,0.5465421955632337,0.00830351951259554,0.028106692905030952,0.0012023947150151006
11.0,0.66284569168477,0.16239220721479894,0.962775,40.27056,1.0,0.4933614908478485,0.6545430799336176,0.2145634457077063,0.23006998983932497,0.26258248922221783,0.28583410668441583,0.11385235068286238,0.36412165067263275,1.8929788292476049,0.6602487055366022,0.21670847581323532,1.9026870110177518,0.27555945590171127,0.2793187347931873,0.5062023997306824,0.36355623936753934,0.22981408421027325,0.11389601892395189,0.0148042234104301,0.5275793759701628,0.00787540873982921,0.0240100102071228,0.0010421805354084125
12.0,0.6623470320398019,0.17065120255045357,1.0503,43.93152,1.0,0.4889731876942711,0.6545087310755968,0.21457249743530468,0.22485429710565838,0.2613979150452742,0.28562013531612906,0.11385235068286238,0.357359912691231,1.8929131296466486,0.6603071859817202,0.21667850838919822,1.9024238988886342,0.2755569118095819,0.2792662003431437,0.48808053135871887,0.3566607041479902,0.2245626891366545,0.11389601892395189,0.011032849573043579,0.4312758643463894,0.006072966136949382,0.01784204506523158,0.000685471422202067
13.0,0.6625398379466182,0.19895207696589462,1.137825,47.59248,1.0,0.48589790870502775,0.6545486222070317,0.21458627352425252,0.22105523083249293,0.2615585082182123,0.28539742711366617,0.11385235068286238,0.35209096515484045,1.8932794321297177,0.6603207895874087,0.2166553298023756,1.9022203923302698,0.2752607815662463,0.2792482795129698,0.4851229190826416,0.3515211166037282,0.220733695158216,0.11389601892395189,0.008663846919137016,0.3703189180614572,0.00423434162668924,0.014938100372868463,0.0007782947133021388
14.0,0.6620892155977047,0.21050146316885363,1.22535,51.25344,1.0,0.4864234564715346,0.6547992224257572,0.2146896034744486,0.21981137745240548,0.2617929133761175,0.28594109063493595,0.11385235068286238,0.35049861324044296,1.8942634149578614,0.6604175835086952,0.2167568560302103,1.9031117863297606,0.27600979192166464,0.2794621671500132,0.48509132862091064,0.34985101202742735,0.2194638607877704,0.11389601892395189,0.007947696685880619,0.36784285961448404,0.004753890685852264,0.012621312739368323,0.0005139013346128705
15.0,0.6573581691199648,0.2067156149879731,1.312875,54.9144,1.0,0.4856219690545584,0.6548937707377187,0.21483391340243155,0.21835892887162603,0.2615080431122656,0.28590103091923125,0.11385235068286238,0.3485869748156925,1.8954582670625848,0.6604265563666908,0.21684405028479556,1.9038773464907657,0.27593582887700535,0.27925497752087347,0.4823545813560486,0.34786123033438404,0.21799022076154884,0.11389601892395189,0.007508503231163907,0.37118599626410287,0.003148039692904287,0.01415725651181219,0.000773705450429336
16.0,0.6594979357218479,0.21321799225992594,1.4004,58.57536,1.0,0.4816550633306958,0.6547904687813121,0.2148732237876299,0.21678317373249387,0.261893156847636,0.28579261801278555,0.11385235068286238,0.3463413351860122,1.8958662194646074,0.6603670594159817,0.2168879997087528,1.9042632197141889,0.2765598650927487,0.27929915639195324,0.4823572039604187,0.34560057987947934,0.2164019654330386,0.11389601892395189,0.0060106615909819566,0.31935760068336094,0.0020512389359291614,0.01232775000691775,0.0005718434561062739
17.0,0.6592740362471496,0.20983897157300485,1.487925,62.23632,1.0,0.4829477778228491,0.6547717290012462,0.21468803464168076,0.21441633242276661,0.26110967460134266,0.28555775526340793,0.11385235068286238,0.342940557769415,1.8940140642129368,0.6603558778544795,0.2168990303937176,1.9043600684457689,0.27597955706984667,0.2795587280986373,0.4804689884185791,0.3421693574461869,0.2140222450422477,0.11389601892395189,0.004859599162102148,0.27722417927452625,0.0014175660639335172,0.010629192108060839,0.0006582085594869925
18.0,0.6593959754234741,0.2358817970256827,1.57545,65.89728,1.0,0.47893102484409916,0.6547626379797565,0.2148143429572076,0.21284835865044816,0.2612093900305646,0.2851083402318602,0.11385235068286238,0.3406400593999155,1.8951749318252145,0.6603845282528066,0.2169434402884174,1.9047499845738245,0.2754472547809994,0.27985122483006286,0.47913846373558044,0.33985616145757225,0.21243534845387568,0.11389601892395189,0.005001603518624526,0.3043967995545245,0.0007798695998938194,0.012411434061702586,0.00045422746019136226
19.0,0.6582000218320477,0.2328630161991025,1.662975,69.55824,1.0,0.47355433847607253,0.6546596630989403,0.21466062070100636,0.21058240415317656,0.2613582256504092,0.28518785816573905,0.11385235068286238,0.3372859152071322,1.8934894293474758,0.6603931371767016,0.2170009740089185,1.9052551270805131,0.2764253180461756,0.2796820018245797,0.47816386818885803,0.33648235207115423,0.21015520062214244,0.11389601892395189,0.0034784162466302854,0.22574978404372814,0.0005123797680588782,0.008866414688707271,0.0008204106537316652
20.0,0.6567404011883538,0.2719103933866783,1.7505,73.2192,1.0,0.47424536566240943,0.6547304185849466,0.2148288731712067,0.21035542275377986,0.2618253193688028,0.2851912740714373,0.11385235068286238,0.3369172338467351,1.8952355107810355,0.6604362068950804,0.21702827494468338,1.9054948276075625,0.27588335133467057,0.27956147220046984,0.4791671931743622,0.33612302925597626,0.20991684803118552,0.11389601892395189,0.003880198556053864,0.2661442420317144,0.0015999410542061419,0.00818763291218885,0.0006730616346489504
21.0,0.6572032102773673,0.262312461048506,1.838025,76.88016,1.0,0.48107460830486093,0.6547650137621116,0.2148818598511072,0.2092903113653919,0.2617592526548694,0.28537968462360097,0.11385235068286238,0.3351689312785004,1.8958022705140694,0.6604355041257829,0.21705464158494256,1.9057263250778718,0.2760104502843092,0.2797184900831734,0.4771244525909424,0.33448612707521236,0.20883707722996972,0.11389601892395189,0.004150983790214447,0.29916961274375353,0.0009286115224561944,0.01045045192681894,0.0007446000924710017
22.0,0.6581296305567863,0.3316466009815412,1.92555,80.54112,1.0,0.4735169749843203,0.654665087196325,0.2145997135136105,0.20905865947334873,0.2619408750727974,0.2856343716657973,0.11385235068286238,0.3350336570816724,1.8928868329512,0.6604054105405054,0.21710739070931068,1.9061894591265107,0.2767178532650845,0.2798278784717695,0.4784344732761383,0.3341361741797902,0.2086086148060826,0.11389601892395189,0.0028844517418837967,0.21852390775256936,0.00032591353682702705,0.00802154045033866,0.0013208648506980816
23.0,0.6587355210120233,0.28786000633329056,2.013075,84.20208,1.0,0.4734829474001161,0.6546685393245875,0.21461423885231154,0.20868849564051595,0.26209149800958936,0.2856410980215686,0.11385235068286238,0.3344527687845765,1.893067731420461,0.6604321157738124,0.2171914747295762,1.9069277116226024,0.2754472547809994,0.28000522397805927,0.4787465035915375,0.3335474184879486,0.20822714200435063,0.11389601892395189,0.004558101344316982,0.3590069889778533,0.0007872180870010208,0.012503586837344533,0.0007298748693635438
24.0,0.6610364318522367,0.31886515335764065,2.1006,87.86304,1.0,0.48148180031102694,0.6546399620896594,0.21474386177338078,0.20947933797144613,0.2617642288370431,0.2854125088607262,0.11385235068286238,0.335640542442199,1.8940403726388335,0.6604531737538357,0.21731165762066268,1.9079829099712535,0.27586206896551724,0.279890239121913,0.4798084795475006,0.334735343618142,0.20902758671850816,0.11389601892395189,0.0025333993192895136,0.20928184683452855,0.00021766379896622192,0.007517106735791372,0.0014690945350717807
25.0,0.6620571105788954,0.3959996674852622,2.188125,91.524,1.0,0.48050551473122793,0.6546561757319169,0.2148442873694289,0.20861790483170686,0.2619412405330766,0.2855046870540897,0.11385235068286238,0.334339838751883,1.8948373606367863,0.6604653843703806,0.2173836814820064,1.908615275018111,0.2771046908977943,0.2800463738245524,0.4777345359325409,0.33342494935020783,0.20816205536030064,0.11389601892395189,0.004057285574860204,0.3480333772522499,0.0005333440549808808,0.011991547994109028,0.0009066803251377874
26.0,0.6590733126126221,0.2851014536525386,2.27565,95.18496,1.0,0.48044466214210313,0.6547412279352263,0.21492496069035627,0.20871771186729812,0.2616823559433672,0.28527267825429786,0.11385235068286238,0.3344523155506926,1.8955309468792245,0.6604619332711515,0.2173512686830536,1.908330692648516,0.27724008741804557,0.2796915167095116,0.4776448607444763,0.3335743374352704,0.20826832314485116,0.11389601892395189,0.0021591952200431257,0.19257044097957987,8.677121736832209e-05,0.0069750217745679355,0.0014551321826522926
27.0,0.6586582428065971,0.3512557709705132,2.363175,98.84592,1.0,0.47773700048087847,0.6547411356468419,0.21492866306145844,0.20817909152212677,0.2623606060586259,0.28523561793378677,0.11385235068286238,0.33362684153319083,1.8956377742308443,0.6604747839097356,0.2173959117124754,1.9087226556850083,0.27666511411271544,0.2796555712633338,0.47763362526893616,0.33274321023402365,0.20772001546198574,0.11389601892395189,0.0014224896456157912,0.13198883924451366,0.0002010432850143868,0.0043191810218106445,0.0009109058054356963
28.0,0.6580348958542991,0.3407929870768714,2.4507,102.50688,1.0,0.47992869214501727,0.6548055734474344,0.21506195454815072,0.20980134256756042,0.26040867835676923,0.28511199121936304,0.11385235068286238,0.33610478279138806,1.8969783557130893,0.6604865427460178,0.21747178296654923,1.9093888006020179,0.2768113749810921,0.27960314392475194,0.48090845346450806,0.33515714590949897,0.20934027019156926,0.11389601892395189,0.00183439846710614,0.17791073400621826,0.0004154213360967586,0.005252678648044191,0.002074532819713409
29.0,0.6579842186510423,0.36195748120183807,2.538225,106.16784,1.0,0.48339043123710523,0.6547686806088988,0.21505960930249465,0.20821739573904902,0.26081353305548877,0.28489633953488464,0.11385235068286238,0.33365259634419847,1.897006453806336,0.6604692119531621,0.21745697976883344,1.9092588294418698,0.2769465648854962,0.27932588019355914,0.506028413772583,0.3327520268346435,0.20774873519440562,0.11389601892395189,0.0015288451719243537,0.15457310043893813,6.871693846798872e-05,0.005128970191413464,0.001460350735876915
30.0,0.6622952544839772,0.4373194043473106,2.62575,109.8288,1.0,0.4829843376928868,0.6547406275512282,0.2150315655089216,0.20851975669915998,0.2609381582606408,0.2848954989563748,0.11385235068286238,0.3341632608038955,1.8966958776874803,0.6604397960382786,0.21743461085747418,1.9090624317839833,0.2776325903151422,0.2796223958333333,0.504318356513977,0.3332358011197321,0.20805919042234347,0.11389601892395189,0.0009894234200695255,0.10367819696239167,0.00018551173807164047,0.0030050675613453293,0.0022166661500287836
31.0,0.6617756390254628,0.4344516698758377,2.713275,113.48976,1.0,0.48997188006640907,0.6548317521314493,0.21507205010410022,0.21044330205106765,0.2608963038290157,0.2852992303745697,0.11385235068286238,0.3370474882157066,1.8970029605751233,0.6605067348138708,0.21748743067859677,1.9095261865457531,0.2773390036452005,0.279650032404407,0.5048617124557495,0.33615321664014847,0.20999226637952997,0.11389601892395189,0.001502479088735216,0.16343015767006364,0.0004774972215624591,0.004139066526796494,0.001496959921522302
32.0,0.6579763805189216,0.42580021538775953,2.8008,117.15072,1.0,0.48399498345410896,0.6548565439350398,0.2150867884503866,0.21117322833986882,0.2605507741002212,0.28532095917876615,0.11385235068286238,0.3380941552200224,1.897249210993275,0.6605109388802044,0.21748427064094566,1.9094984416106713,0.2760912248904999,0.27977254264825346,0.5057377219200134,0.3372471678091395,0.21072339929832626,0.11389601892395189,0.0014192448829612116,0.159711527181571,8.765712718772199e-05,0.004940596948487298,0.00164545416604438
33.0,0.6560893610190497,0.41103165505388073,2.888325,120.81168,1.0,0.48443425825584674,0.6548728762592256,0.21508633282165715,0.21137089700214984,0.26087191045479835,0.28574160128117987,0.11385235068286238,0.33842657109483004,1.897224093129243,0.6605200246832656,0.21747821929498787,1.9094453111675271,0.2766726943942134,0.2799089726918076,0.5065869092941284,0.3375397455956881,0.21091500855762824,0.11389601892395189,0.0013929844783185806,0.16287750469200546,6.657214531935496e-05,0.00498800507745009,0.0021422956751176456
34.0,0.6582578711720638,0.5351395072216703,2.97585,124.47264,1.0,0.48573481780563327,0.6548545092928534,0.2150659701571095,0.21287385887463459,0.26139936430420607,0.2856596670922551,0.11385235068286238,0.3405506416946131,1.897070940210032,0.660523613826464,0.21748265264223715,1.9094842356821078,0.2765321375186846,0.2802610114192496,0.5077424049377441,0.3397726956611491,0.21242673266508455,0.11389601892395189,0.0011836768422448893,0.1440724113253964,6.854644221210586e-05,0.004209705069375297,0.002965930718839938
35.0,0.6583467144122725,0.611886400291066,3.063375,128.1336,1.0,0.48649699893229725,0.6548659090850197,0.21507208725939342,0.2136258377299479,0.26259806864958873,0.2856140870509618,0.11385235068286238,0.3416582280220729,1.8971294280017748,0.6605283575192223,0.21749155734814515,1.9095624184490922,0.2766115825517344,0.2801696020874103,0.5082454085350037,0.3408825051005146,0.21318219384260992,0.11389601892395189,0.0010018115796395217,0.12618412833580805,5.220813392838518e-05,0.0036294151967248135,0.0030063731867385458
36.0,0.6584411684191863,0.4784837745469496,3.1509,131.79456,1.0,0.48544742993692064,0.6548675043872757,0.21508990693843627,0.2126133721518454,0.2610537751773604,0.2855230213695655,0.11385235068286238,0.34020803469724464,1.8973317033765487,0.6605287842005816,0.21748976376662943,1.9095466709143438,0.2764811490125673,0.2802610114192496,0.5076000094413757,0.3393861197013549,0.2121645700686337,0.11389601892395189,0.0009625254715467996,0.125112673120384,6.63879387366187e-05,0.0034809462168954976,0.0027824142705508616
37.0,0.6630693823648693,0.628194114733936,3.238425,135.45552,1.0,0.48393088163532144,0.6548697910158949,0.2151044614148896,0.21363956801124565,0.2609172544985702,0.28532073021691,0.11385235068286238,0.3416849329792851,1.8974751383166755,0.660535824443009,0.21748569748972657,1.909510969254696,0.27673896783844426,0.2805355976485957,0.5075141787528992,0.3409103297345489,0.21320273697131192,0.11389601892395189,0.001096307211637536,0.1478035833654303,6.865049804228832e-05,0.004016725924074321,0.0035444611239370777
38.0,0.6622000493283906,0.5471218601787472,3.32595,139.11648,1.0,0.48510640690982276,0.6548509599245584,0.2150988265384435,0.21509109393786163,0.26268018638823115,0.2853518321505902,0.11385235068286238,0.34373877496624533,1.8973730955689487,0.6605387108169096,0.21749252129097008,1.909570881807461,0.2757078986587183,0.2805814143393761,0.507878839969635,0.34303655951646717,0.21466597947611968,0.11389601892395189,0.0007452385158822387,0.10402608355070697,4.9379757986298425e-05,0.0027581328278988146,0.003635444858108191
39.0,0.6566950730827038,0.6042561676930994,3.413475,142.77744,1.0,0.5013944770193842,0.6551466409971364,0.21554755490730582,0.22705996875014783,0.2656182784270459,0.2869385867285125,0.11385235068286238,0.36087650845428804,1.9016296067098304,0.6608404623840474,0.21773107554479137,1.9116653733979052,0.2779049799656554,0.28033526756931015,0.4911133050918579,0.3601603193323041,0.22668189825322121,0.11389601892395189,0.0003296471616586899,0.04735983795762877,5.053935001606542e-05,0.0011260301297362726,0.031776248365080334
40.0,0.6578012839310529,0.6885775184136901,3.501,146.4384,1.0,0.5027302346837118,0.6555350992050634,0.2158900534603612,0.23498663183663962,0.2640105191789678,0.2874554153439484,0.11385235068286238,0.37132608665079425,1.9049271372255374,0.6611230383889234,0.2179776471294977,1.9138302566575296,0.27668754349338903,0.2807863031071655,0.49334612488746643,0.3707789074082254,0.2346566972763487,0.11389601892395189,0.00038827897967766515,0.057626461994004785,7.584732947298204e-05,0.0012271318857135312,0.15744207176017191
41.0,0.6641165959595574,0.7364961855457971,3.588525,150.09936,1.0,0.5030319323356821,0.6555419013248309,0.21588072679321452,0.2394182890104974,0.2658582872252384,0.28703963341151545,0.11385235068286238,0.3766786810607365,1.9050338445583264,0.661085302187535,0.2180029324571796,1.9140522602703056,0.27835332606324975,0.28036018495984427,0.4947930872440338,0.37627257102298606,0.23914612544750732,0.11389601892395189,0.0003196046973766546,0.04923735607917479,4.4809324151935183e-05,0.0010821581893044026,0.16573166818576063
42.0,0.6615858603889072,0.8362884900833952,3.67605,153.76032,1.0,0.5046630569589665,0.6556108096429144,0.21599389652193407,0.24407749297469955,0.26785078716615324,0.2872122439030743,0.11385235068286238,0.382630437599404,1.9059284842203659,0.661139214632219,0.21809842262546283,1.914890658040354,0.27820230540085483,0.28271604938271605,0.49834078550338745,0.3822197861070632,0.24383165225085238,0.11389601892395189,0.00036786819594727905,0.05845527685414709,4.230356028226943e-05,0.0013474610697741362,0.042546874382087145
43.0,0.6587503080403536,0.8748009017581024,3.763575,157.42128,1.0,0.5030059226753354,0.6555225525654091,0.2158654612889209,0.2422577419476742,0.26699926351480413,0.2871597973866007,0.11385235068286238,0.38022905974160337,1.9048212957635684,0.661176724943476,0.21799997231632337,1.9140262704167164,0.2778148791238146,0.28196883502349745,0.49660468101501465,0.37980342399546624,0.24201395536425657,0.11389601892395189,0.0006669256864880776,0.10917192227043415,3.8635610420833934e-05,0.0025271643944737273,0.22932424638350668
44.0,0.6648580436633332,1.2041257782185708,3.8511,161.08224,1.0,0.5021574246466247,0.6554026511765373,0.21593595080338293,0.2408298758986744,0.2659190793519933,0.2867897977652147,0.11385235068286238,0.3784289649722935,1.9053816821490326,0.6610643320536741,0.21802927483281143,1.9142835446986877,0.2778679653679654,0.28202557031837555,0.4961184859275818,0.37799489394492525,0.24057773570482127,0.11389601892395189,0.0005498665140047581,0.09256469862020822,4.903199053510269e-05,0.002079893451542987,0.10096395269983138
45.0,0.6601801875808382,0.9775160161731236,3.938625,164.7432,1.0,0.5023841915361548,0.6557023093543165,0.21612363306094798,0.24389796037013106,0.2668128500003127,0.2876852996525188,0.11385235068286238,0.3822529731181549,1.9069890230970794,0.6612075589464061,0.21819077438886286,1.9157015008096845,0.2781742291638616,0.2826740110165248,0.4963637888431549,0.3818441944442341,0.24366451267077938,0.11389601892395189,0.00044821326501548117,0.07770932620815074,4.727880321532211e-05,0.0016819413311507361,0.1267440881020028
46.0,0.6595342093930527,1.1086285501882915,4.02615,168.40416,1.0,0.5036827683002386,0.6553795585032857,0.2157319922974,0.2449192376982881,0.2680947647800811,0.28796822290833,0.11385235068286238,0.3838674943704003,1.903385590271548,0.6612436386201647,0.21798322790431773,1.9138792555151962,0.27826784282277467,0.2824844720496894,0.4960215985774994,0.3833702536463599,0.24466554186643008,0.11389601892395189,0.0007426445145782872,0.1326878877944182,0.00014303696234102274,0.0026132819730546753,0.2535916046418182
47.0,0.6610047300113437,1.1582229300981948,4.113675,172.06512,1.0,0.4992698809260111,0.6552693396710858,0.21560754284612418,0.23927089205695073,0.26344272481816833,0.2874713873271796,0.11385235068286238,0.37639785834410333,1.9026812355069938,0.6611153957728126,0.21789409463996876,1.913096670968422,0.27756813417190773,0.2806712243629583,0.4940118193626404,0.375959688402265,0.23901352421312452,0.11389601892395189,0.001248456435714959,0.22978014994259865,0.0002213404994227474,0.004569708873143906,0.16305324716674893
48.0,0.6624833890535162,1.1318506001518864,4.2012,175.72608,1.0,0.4988778611116753,0.6552158205279358,0.2159624109981329,0.2381391423884592,0.26522858204036853,0.2871502857505746,0.11385235068286238,0.374464434922488,1.905690744820774,0.6610476412828571,0.21808075713955066,1.9147355561669164,0.27667870036101083,0.2803738317757009,0.4933309257030487,0.3740366112694502,0.23791678140381795,0.11389601892395189,0.0004739144012027076,0.08957061731325666,0.00013164262199070507,0.0015806895032715955,0.1301087814983732
49.0,0.662551469414493,0.9882727611825016,4.288725,179.38704,1.0,0.4973284636039597,0.65497202852188,0.21560419209318016,0.23667790962622695,0.2647063938317378,0.28783494794452424,0.11385235068286238,0.37249509148326426,1.9024269875142237,0.6609864250572594,0.21797865911840775,1.9138391418575533,0.2769412459403602,0.28010220376876394,0.5033948421478271,0.3720725591457258,0.23645539894162912,0.11389601892395189,0.0006052033668115735,0.1171651292079332,0.00013310612127351393,0.0021573352128518132,0.24790090278299098
50.0,0.6628358016775573,1.2119888566133343,4.37625,183.048,1.0,0.49821226467524443,0.6552502249565675,0.21563282467254183,0.23762811371654569,0.26667503752650984,0.28725286525933447,0.11385235068286238,0.37361785554699806,1.9027959244644626,0.6610989183426752,0.2180965025200482,1.9148737996336003,0.2765168372645008,0.28049395161290325,0.4928452968597412,0.37315225013519515,0.23741937966625354,0.11389601892395189,0.00043800081803821927,0.08711263260920532,0.00013176704087483805,0.001431584081961401,0.43750564878832904
51.0,0.6644798721754936,1.4565292215196064,4.463775,186.70896,1.0,0.4974651826366589,0.6552896995794935,0.21583612937869645,0.23687942283196828,0.26588064196782984,0.28693554020791695,0.11385235068286238,0.37239569844417214,1.9040251213765356,0.6611270416640291,0.21829576178076923,1.9166232836156003,0.27695592496568555,0.28059098371006436,0.49237531423568726,0.37201980457427586,0.23668293324989303,0.11389601892395189,0.00031928855156587276,0.06528420556833225,0.00012654516820966583,0.0009473832523302424,0.29364748550050784
52.0,0.6627641846472015,1.4334825788861072,4.5513,190.36992,1.0,0.4987796279979522,0.655177466302566,0.21586386158276036,0.2370806965503047,0.2665445745688712,0.287120693583944,0.11385235068286238,0.37255552557755817,1.903792476960436,0.6610591867784599,0.2185455823429488,1.9188166926964425,0.2777292576419214,0.2810043114379914,0.49440598487854004,0.3721779467724274,0.23688751643550887,0.11389601892395189,0.00035719667731316015,0.07485442280085408,0.00012532057359456169,0.0011386860763051084,0.2017579815114682
53.0,0.659036756189529,1.373107862147812,4.638825,194.03088,1.0,0.49888517130493365,0.6552544955870023,0.21578357511745613,0.2362572058213928,0.2665068967104874,0.2867767578023378,0.11385235068286238,0.3718534932351712,1.9032846809429478,0.6611078033545087,0.2185135113409334,1.9185351112828128,0.2776630274417232,0.2812975164723771,0.4931347072124481,0.37137527325935843,0.23604046780007862,0.11389601892395189,0.00022151798989414708,0.04765357275027782,3.528003951209837e-05,0.000832334362587854,0.29213890567033174
54.0,0.6614156613514457,1.8551157724581089,4.72635,197.69184,1.0,0.4999776944481515,0.6554684360722478,0.21603812385625318,0.23701205151846222,0.26574283291458983,0.2869896086164483,0.11385235068286238,0.37296345316783797,1.9054399357194325,0.6611916336921456,0.21865888731455366,1.919811503337546,0.2782782782782783,0.28081241327109874,0.4939834475517273,0.3725619840225364,0.23677870622850336,0.11389601892395189,0.00030843258431540826,0.06811148814267654,3.2195048155656437e-05,0.0012601237891157195,0.1540747241604189
55.0,0.6569898023749359,1.5332144567910453,4.813875,201.3528,1.0,0.498153269838616,0.6560508574721112,0.21614095762140428,0.23865058039212572,0.265517639699142,0.2867940377896637,0.11385235068286238,0.3749822961281737,1.9064635913133359,0.6614584350361818,0.2187896673417073,1.920959743885277,0.2774785267142233,0.28052581650630165,0.49697136878967285,0.37451482621321136,0.23843728784976642,0.11389601892395189,8.524801980010448e-05,0.019300677719002124,3.1087823838507005e-05,0.00026555334053921854,0.05779254405721354
56.0,0.6625027512160964,1.7714726435578778,4.9014,205.01376,1.0,0.49874564674436456,0.6563474940743949,0.21607406025797335,0.24089440929779732,0.2662467182416883,0.2867073476333947,0.11385235068286238,0.37769868863192385,1.9059827672111875,0.6617687704283113,0.21875732475084547,1.9206757779383776,0.2772896500372301,0.2815690488984417,0.4961780905723572,0.3773095744372169,0.24069335645624015,0.11389601892395189,0.00022872631418415453,0.05305683733740807,2.9912093622438955e-05,0.0009369082397307067,0.05284452672353209
57.0,0.663691944622429,1.625951212209668,4.988925,208.67472,1.0,0.5020623159019184,0.6565060671872917,0.2164041345297699,0.24559139605390584,0.26565948579873033,0.2869471655392788,0.11385235068286238,0.38401885153896304,1.909270626978858,0.6618426992485238,0.21895706796479963,1.9224295109998248,0.28023516237402013,0.28168624740843123,0.499458909034729,0.38356469175981056,0.2453841009068827,0.11389601892395189,0.00013394023486629382,0.03180082126073103,2.9031513866442884e-05,0.0005070688559537672,0.04150123554666668
58.0,0.6614978353466985,2.175845865012719,5.07645,212.33568,1.0,0.5047866556697559,0.6563048869711402,0.21636642211709772,0.24795117661356192,0.2675579656466722,0.2863033875263707,0.11385235068286238,0.38690443685554604,1.9095223121042877,0.6617425295247187,0.21896206498410276,1.922473384520167,0.2802024900807224,0.281787895613548,0.5005814433097839,0.3865333437121648,0.24775386273353123,0.11389601892395189,0.0002206619366101117,0.053644288002033136,2.7996238803057438e-05,0.000891858994365254,0.2037624523170214
59.0,0.6582726185083997,1.8869184135778614,5.163975,215.99664,1.0,0.5027825632234285,0.6553431022067084,0.21617689822080394,0.25075268782172677,0.270190009432559,0.28579063159497625,0.11385235068286238,0.3905076854809227,1.9080668274158357,0.6615696106291648,0.21897019151990532,1.922544735001767,0.2796812749003984,0.28129662281296625,0.5008292198181152,0.39021266679398053,0.250546293431941,0.11389601892395189,0.00015869463744435516,0.03945005911918997,2.5250234859862014e-05,0.0006621108532456892,0.005038485247321605
60.0,0.663431384345161,1.7635802773978344,5.2515,219.6576,1.0,0.503406899285156,0.6553338753101947,0.2161728133267355,0.2512105253842204,0.2717055201656581,0.2858329031356989,0.11385235068286238,0.3912229387423595,1.9080357409983797,0.6615698239698444,0.2189715055162707,1.922556271808565,0.27955020920502094,0.28125847572552215,0.5013864040374756,0.390884364705434,0.25099709929661174,0.11389601892395189,0.00015800601368336494,0.04015968545081705,2.843489552548054e-05,0.000651360579822308,0.006021193864721386
