round,train_loss,grad_sq,upload_mb,download_mb,payload_fraction,fed_ece,fed_f1_best,fed_brier,fed_f1_best_threshold,fed_auroc,fed_f1,fed_auprc_lift,fed_auprc,fed_prevalence,global_auroc,global_auprc,global_auprc_lift,global_f1,global_f1_best,global_f1_best_threshold,global_ece,global_brier,global_prevalence,divergence_total,dispersion_abs,divergence_slow,divergence_medium,divergence_fast
1.0,0.6872107942083312,0.11104171631602595,3.66096,3.66096,1.0,0.3578513258991225,0.2865893714852319,0.22578246250356576,0.49881843826006667,0.6550788096788279,0.2698312291566578,1.8221769559797458,0.20703113396517925,0.11430010070493454,0.6513982172449647,0.20825124808790185,1.8284330747938673,0.26450742240215924,0.26685165915134695,0.5027340650558472,0.35829042791240295,0.22609524829780014,0.11389601892395189,0.025229452794594535,2.7391668121163093,0.02190625520796676,0.02760792478119141,0.012570905493179596
2.0,0.6577630849900313,0.2569106341837071,7.32192,7.32192,1.0,0.34925201493113756,0.2914079534769277,0.22066849679611933,0.5135517679755122,0.664132564398187,0.2752554243441839,1.9182825809200867,0.2177676428641381,0.11430010070493454,0.6578661544750165,0.21368399196415797,1.8761322299318843,0.2668638380161529,0.2717106171475908,0.5314133763313293,0.3496847773542929,0.2214781674807094,0.11389601892395189,0.0162340876269422,1.890741528597573,0.01567356443016841,0.01670703246615123,0.006396582270941402
3.0,0.6518701107004333,0.2933155661537236,10.98288,10.98288,1.0,0.34488077719357285,0.29401850792325906,0.21777395534613622,0.4990738697728932,0.6675415176469394,0.2768707543900871,1.9540168583848412,0.222634282196658,0.11430010070493454,0.660696131139562,0.21668511455265027,1.9024819005950544,0.2704878048780488,0.2744053958111466,0.5708227753639221,0.34531778511511335,0.21863014165489297,0.11389601892395189,0.011118869580430062,1.3818367778367247,0.011438413351082205,0.010953763924276685,0.0049493030830521185
4.0,0.6482932813994382,0.272661838673194,14.64384,14.64384,1.0,0.36027790546090843,0.29892267616278595,0.2280719285554189,0.5466739028122012,0.671804890459477,0.27712038630053576,2.002190783158247,0.22777579060027153,0.11430010070493454,0.6623596613635863,0.21840933624133668,1.9176204603531235,0.26866637893828227,0.27672131147540985,0.5667756199836731,0.3605740643920353,0.22907700533547426,0.11389601892395189,0.00937701263353483,1.233312269219823,0.00966201262624053,0.009216162788474952,0.004137573708907739
5.0,0.6447902716363522,0.26871887665044475,18.3048,18.3048,1.0,0.35931018785707663,0.29856364337180424,0.2273809671029116,0.5392094891976044,0.6734427035436575,0.28011382433205223,2.0420825244971854,0.2321081950403806,0.11430010070493454,0.6623676553643459,0.21839885393689557,1.9175284263686159,0.27221671622068055,0.27765443385137784,0.5286054611206055,0.35962804025258904,0.2285720243528399,0.11389601892395189,0.008373493928625056,1.1653477872841904,0.008528106076461553,0.008281878654825409,0.005369961150423057
6.0,0.6439565663096294,0.26058337605179877,21.96576,21.96576,1.0,0.3597012104912992,0.3006090074672069,0.22754065324552034,0.5464519957082359,0.675646989040049,0.2815214255352941,2.068090907296651,0.23514991993265677,0.11430010070493454,0.663294206485366,0.21986173487400096,1.930372430495592,0.2715638331078972,0.2797274713973519,0.5326777696609497,0.35960403201225344,0.22861478956448045,0.11389601892395189,0.007894857290016235,1.1618443431088963,0.007725933073240907,0.008045341705625248,0.005158728795904036
7.0,0.6427248546664939,0.31337410166884533,25.62672,25.62672,1.0,0.33516856955321206,0.30530281493534456,0.21117477446235294,0.5041760378343701,0.6776828950794375,0.2863438613526962,2.087274208064628,0.2374133710026954,0.11430010070493454,0.6618552612497175,0.21914497009750578,1.9240792801004605,0.27410300219672934,0.27742293807275753,0.5230970978736877,0.3351438373568745,0.21272619494361536,0.11389601892395189,0.007467467863251472,1.166371592455107,0.0072989998019008795,0.007623881695101241,0.004466059643453305
8.0,0.64645529564034,0.3923156193847466,29.28768,29.28768,1.0,0.3524903234559573,0.30502398583013385,0.22292521275603502,0.5429788297670636,0.6803621029393796,0.2849960765716612,2.1357482047862186,0.24281038247332098,0.11430010070493454,0.6618847524613114,0.21813895620492862,1.9152465403604626,0.27060063224446784,0.27713059472716123,0.5628111362457275,0.3521310144874048,0.22456690941075008,0.11389601892395189,0.007593401995948873,1.2562228217193478,0.007085585392851667,0.00803875042308324,0.00421469487812803
9.0,0.6446556424889509,0.3486655507856024,32.94864,32.94864,1.0,0.3408548421988945,0.30285962696688534,0.21449817218580872,0.5416310204029803,0.6800306529424962,0.28713781592556564,2.1431426041827315,0.24373286070580022,0.11430010070493454,0.6618290579944801,0.2182441360347822,1.91617001275965,0.27340129749768305,0.27850111146395684,0.5563983917236328,0.34049449283984956,0.21609578690761716,0.11389601892395189,0.007762143415738525,1.3601560971592335,0.0069928059726062615,0.008443933980470875,0.004807408141254579
10.0,0.6397593852658899,0.36270224622878816,36.6096,36.6096,1.0,0.33417111964547425,0.3072391409997726,0.21056761236765986,0.5267085586388455,0.6826602583386197,0.2903409251377541,2.1524913974009277,0.24524599967361785,0.11430010070493454,0.6626090817169596,0.22104031932537815,1.9407203290658146,0.2761256419443449,0.2796042132141717,0.5575951933860779,0.33386803168882756,0.21243876934021205,0.11389601892395189,0.0070702997956059565,1.3158774479379645,0.006091311013720644,0.007958312740172526,0.004494078488335775
11.0,0.6432703254349121,0.40020748931999367,40.27056,40.27056,1.0,0.32669292822619006,0.3096020529207066,0.20605696735395151,0.5256355744462989,0.685363044828333,0.2934227241982545,2.1655610996241403,0.24684429491243917,0.11430010070493454,0.6620208763643575,0.22161607584735757,1.9457754357097425,0.27349806201550386,0.280907547461028,0.550342321395874,0.3262982075583311,0.208327104271299,0.11389601892395189,0.006520246287178872,1.2892634501804423,0.0055188789583780025,0.007453275327675783,0.0037602637333128603
12.0,0.642839630164225,0.4484982054870844,43.93152,43.93152,1.0,0.33104278247340135,0.31154376737234246,0.20958583916029241,0.543336591911235,0.6859347998259466,0.29217893929675676,2.16195811684539,0.24646696986978125,0.11430010070493454,0.6611888602633107,0.2211818121547373,1.941962627354165,0.27587896606639717,0.2785956964892412,0.57036292552948,0.33087273698673797,0.21231975024810945,0.11389601892395189,0.006640720677036876,1.3875358871118806,0.005467433571639447,0.007751595183009282,0.004644050286902582
13.0,0.6420236684706395,0.4844405361839568,47.59248,47.59248,1.0,0.3248592050106444,0.31536780925133945,0.20468802235008168,0.5401028009677401,0.6892887991157869,0.29493225263249573,2.2085317488457856,0.2520296664765537,0.11430010070493454,0.6612057643748072,0.220028433784572,1.9318360366176142,0.2745051275936084,0.2767905223478729,0.5769659876823425,0.3243077868337261,0.20738282233325933,0.11389601892395189,0.0063824138890416614,1.4115303067464993,0.005155972779280736,0.007560256405734139,0.005495528641185097
14.0,0.6409028510841329,0.5135030934662693,51.25344,51.25344,1.0,0.3370152032452993,0.3182410635994627,0.2114030933315004,0.5313222836065298,0.69261557535197,0.2945910131341558,2.249151279388756,0.2566242365844893,0.11430010070493454,0.6613610638401152,0.22203222830668823,1.9494292285574848,0.27239320165365183,0.27966518956179226,0.5612700581550598,0.33634466402252516,0.2141125986690386,0.11389601892395189,0.006806997806658994,1.5893631450144312,0.004809007460096904,0.008769159081035498,0.004016854112083338
15.0,0.6427942437082101,0.5359289759409299,54.9144,54.9144,1.0,0.3386367651308472,0.32187154688847663,0.2139214584501961,0.5577937800733584,0.6936249006187996,0.29184606779870537,2.261165600934915,0.2581161413627079,0.11430010070493454,0.6605375186189941,0.22218780975312696,1.9507952240322048,0.26955660688744637,0.28099849952257533,0.5455504655838013,0.33783342096705404,0.21722115159419964,0.11389601892395189,0.006762045979707176,1.6704001491998497,0.004684920624100766,0.008831198038202662,0.004328613790325039
16.0,0.6391483782683522,0.608532670645908,58.57536,58.57536,1.0,0.3405970317299392,0.32270208748819684,0.2139662198032563,0.5470322524399045,0.6962919657172407,0.29709279333101507,2.305034374925103,0.2629089365932915,0.11430010070493454,0.6593496628138008,0.21987779629253046,1.9305134487566449,0.27150027886224204,0.2803347280334728,0.5534620881080627,0.33983126152497095,0.21731866430186436,0.11389601892395189,0.006125763015637516,1.6036634236843383,0.004341060389733176,0.007926021009918873,0.003616548279945828
17.0,0.6386810336701071,0.6167422960568394,62.23632,62.23632,1.0,0.3498914221143171,0.3227753068936,0.21977887622177314,0.5429705160652161,0.6965439348595744,0.29338664127240593,2.312440111277386,0.26418855569526123,0.11430010070493454,0.657292368442466,0.21994328736421295,1.9310884563144264,0.2634730538922156,0.2821766047572499,0.5666691660881042,0.34921548518483125,0.2231980287031422,0.11389601892395189,0.005747325157396575,1.5812627992945636,0.004084433032867546,0.00744806021532898,0.004676205292296447
18.0,0.6363284232211561,0.602829513316396,65.89728,65.89728,1.0,0.3177541206037009,0.3245019140358712,0.2017619727025919,0.5527387660818338,0.6964187922171148,0.3004966559047305,2.3244287868646984,0.26574532265625705,0.11430010070493454,0.659287379884805,0.22141479735359867,1.9440082229865894,0.27470608776626704,0.28194810600804776,0.5330034494400024,0.31666743143458503,0.20572317624568495,0.11389601892395189,0.005692302867235809,1.6492652559045382,0.0038372610996260546,0.007608339634443925,0.004556809606454381
19.0,0.6442326498604191,0.9048473111312101,69.55824,69.55824,1.0,0.3349942625010215,0.3255835757121369,0.21021931220184456,0.56033797573377,0.6982715794932969,0.2976323829777455,2.357494757116537,0.2691083026120605,0.11430010070493454,0.6576189553746014,0.21923780560237782,1.9248943700899888,0.2723876372693309,0.2844611528822055,0.554863691329956,0.3341194289710248,0.21407645682461368,0.11389601892395189,0.005885702718905416,1.7912687482858018,0.003637735851894594,0.00823120720058648,0.004461910649554819
20.0,0.6387794024696165,0.7792543892557513,73.2192,73.2192,1.0,0.3428079866298192,0.32801806654585586,0.21593533879666063,0.568345519542424,0.7004255625786897,0.29711771641118123,2.367171310048617,0.2707231260907809,0.11430010070493454,0.6571358893286942,0.2197144712976456,1.929079465405621,0.2681852369184485,0.28237236823998896,0.5411102175712585,0.34194279999734073,0.2201765806157979,0.11389601892395189,0.005504220753738068,1.7567318289120522,0.0033577425313789113,0.007761257410526855,0.0036963861671017494
21.0,0.6427771279600938,0.7830391511558242,76.88016,76.88016,1.0,0.3406310224080738,0.33146286960056087,0.21475396178613806,0.5636146467344129,0.7024679863982839,0.29786013268060796,2.3814984593489164,0.27257602440894874,0.11430010070493454,0.6570770574989274,0.21953223986354392,1.927479484687916,0.2716561204451233,0.28119671368780036,0.5657448172569275,0.3397114549123354,0.2193191837603575,0.11389601892395189,0.004997374656873189,1.6686282137761737,0.003095570320659273,0.007008597849640058,0.005109069437394035
22.0,0.6418598902391021,0.8532479161162551,80.54112,80.54112,1.0,0.33769664749637257,0.33113500586388406,0.2120654029930194,0.5492799668221136,0.7039161176385952,0.29759841498224776,2.436385401724178,0.2781814451986748,0.11430010070493454,0.6547924674576403,0.2174185425820624,1.9089213533199283,0.27209975506568695,0.2823061630218688,0.5559947490692139,0.33658197509076404,0.216895523057408,0.11389601892395189,0.00503049952689313,1.7570956101608317,0.0029830484333450515,0.007215859758654574,0.004413899821173805
23.0,0.6412395761248104,1.045718802214728,84.20208,84.20208,1.0,0.3260246939784336,0.33268912887345425,0.20444522561946274,0.5562707676898316,0.7050702033116203,0.3023823263981396,2.450210486598803,0.279966412162906,0.11430010070493454,0.6529952855725629,0.21662808347600696,1.9019811712703412,0.2728132387706856,0.2805582969124489,0.5317873954772949,0.32487457717422785,0.2099774386621099,0.11389601892395189,0.0048753285494596696,1.7842041436979343,0.0029722991358076063,0.006920862639224561,0.004064976831799645
24.0,0.6418705271122529,1.072387613880801,87.86304,87.86304,1.0,0.316870396306728,0.3326098788168817,0.20028380484746497,0.5622252503715732,0.7068192971451813,0.30496268703760426,2.4715957323756452,0.28280212772150204,0.11430010070493454,0.6551449313592678,0.21708467670880638,1.9059900316072795,0.2755102040816326,0.2818641212801797,0.5350068807601929,0.3155549323986684,0.2063916074841121,0.11389601892395189,0.0045729359667512764,1.746948821555634,0.002803657769528199,0.00648143055647796,0.0049209639406795486
25.0,0.6429708789401245,1.2958468713182678,91.524,91.524,1.0,0.3311317850935741,0.33289396387121317,0.20984773860344846,0.5881207572448199,0.707413562273239,0.3005647453967738,2.4814559895785533,0.2838235027360433,0.11430010070493454,0.6549641941552786,0.2166108379260987,1.9018297564090387,0.2698086693330451,0.2812918589075755,0.5603436827659607,0.33000130997907423,0.2159883656181515,0.11389601892395189,0.0045148594508410324,1.797310310012108,0.0027869011628736413,0.006383877500595689,0.0043251331661891355
26.0,0.6408958350045662,1.2729920065874882,95.18496,95.18496,1.0,0.3331554066482416,0.33852006567944076,0.2101616974551992,0.5784845598612246,0.7098035267392476,0.30125823045821226,2.5006675604796844,0.28608602271790873,0.11430010070493454,0.6548093339207816,0.2173335213484975,1.9081748721490486,0.2733812949640288,0.28060210167566035,0.5475780963897705,0.33160066190187665,0.21603074818031612,0.11389601892395189,0.0042749814661206765,1.7790618914732477,0.0026073516751691063,0.006083204335890803,0.00354130747208931
27.0,0.6473698485524024,1.4997879300283785,98.84592,98.84592,1.0,0.33581126986004295,0.3364486419691395,0.2109239578460805,0.5685747097371088,0.7116227326796676,0.3006986167689562,2.5337929291440964,0.2892990992044018,0.11430010070493454,0.6516342849816845,0.21511028495041848,1.888654994113948,0.270874861572536,0.27912180114669277,0.5391865372657776,0.33445618658203424,0.21720444267754782,0.11389601892395189,0.004180370334750574,1.808440438222533,0.0024243730775772437,0.0060878833328756685,0.0038196987446831995
28.0,0.6436981621227543,1.3004431598210628,102.50688,102.50688,1.0,0.3303086009406879,0.3408767958530641,0.2073131215868171,0.5613784337526962,0.713354865772652,0.3042422054614652,2.538322767375788,0.29059433121824235,0.11430010070493454,0.6501495467966295,0.2120642184607333,1.8619107187787494,0.26831183398766123,0.276231884057971,0.5431996583938599,0.3286033128147064,0.2139528529746418,0.11389601892395189,0.0038879631568025457,1.7439264205095242,0.0022065104107058223,0.005714408977003228,0.004580041637771245
29.0,0.6488556274741868,2.0608990313951763,106.16784,106.16784,1.0,0.3015589189053828,0.3447505301437143,0.19047198399079243,0.5281726113874147,0.7140344792682838,0.3127859623900873,2.5593955158229944,0.29298233169567334,0.11430010070493454,0.6508424522251157,0.21436415761948596,1.8821040423073647,0.27366565961732126,0.275987525987526,0.5049754977226257,0.3007316136953833,0.19803401452426087,0.11389601892395189,0.003936358748645001,1.8344569030632556,0.0021162351056504443,0.005918853792445531,0.004558027880693237
30.0,0.6520069336984418,1.9770707063772768,109.8288,109.8288,1.0,0.32382862039270094,0.34590368643269553,0.20323631834431352,0.5487749151367795,0.7148681375288212,0.30758791088899134,2.581418246230448,0.29610136447860563,0.11430010070493454,0.6504178289759712,0.21411713266690663,1.879935178505863,0.2719257540603248,0.27904191616766466,0.5403878688812256,0.3225054432631029,0.21045420440098775,0.11389601892395189,0.003870784364907107,1.8667748561938424,0.001997597915474875,0.005921598940674416,0.005181294051420085
31.0,0.647324002122825,1.5545078714306753,113.48976,113.48976,1.0,0.3091737594383851,0.3456356026510493,0.1944565237843203,0.5425676669163885,0.7165199101579454,0.31352358158407995,2.625430826773797,0.3007073570566914,0.11430010070493454,0.6483110772153208,0.21357623229970885,1.8751861067445492,0.2725961538461538,0.27730131503716415,0.5290833711624146,0.3081013131601908,0.2023743486589219,0.11389601892395189,0.003480005805089757,1.737679245237814,0.0018705294803891487,0.0052415554571490835,0.004595641080928795
32.0,0.6514726037357146,1.704932451909222,117.15072,117.15072,1.0,0.31367837230460216,0.3450860834890206,0.19724876194676336,0.5461711691709353,0.7168842029894392,0.31304379904247703,2.591200740774152,0.2975928464299387,0.11430010070493454,0.650168885501764,0.21550833484777474,1.8921498475874663,0.2728356785118054,0.28149798134484194,0.5257186889648438,0.3128371015589266,0.2050355884237858,0.11389601892395189,0.003470676464231679,1.7906451714979994,0.0018337113134906861,0.005272667954815562,0.003955880642800041
33.0,0.6494848983449344,2.0433653435373924,120.81168,120.81168,1.0,0.325492737197903,0.3464370727700716,0.20414276886464355,0.5591994012853231,0.7182176457819239,0.31053366005457156,2.637685813786079,0.3018996019026015,0.11430010070493454,0.6499547416572374,0.21322843649065842,1.8721324810573983,0.2759633856932987,0.2765375854214123,0.5014536380767822,0.32455082459172674,0.2120584561362363,0.11389601892395189,0.0035064372258292124,1.875234982557231,0.001876212064827988,0.005292031239314606,0.003964374408019936
34.0,0.6484250950706631,1.6780429084292703,124.47264,124.47264,1.0,0.3146003576514393,0.34797000835653985,0.19822773915960631,0.5438910837042309,0.7197404381021782,0.3103295429516874,2.6460706082791665,0.3032764603536021,0.11430010070493454,0.6478307845982485,0.2107652358520845,1.850505731836088,0.27308008938021877,0.2763422144865444,0.5247709155082703,0.31322542991949925,0.20665342598309128,0.11389601892395189,0.0032590778175685454,1.8017632997034525,0.0017473977755286902,0.004912253757682605,0.004598970452364456
35.0,0.6526571196194231,2.12378676322629,128.1336,128.1336,1.0,0.3154035842466235,0.34697967187102835,0.19944733567342096,0.5544807924874959,0.7209014804356395,0.3103541573183788,2.642093068803657,0.3030093395118586,0.11430010070493454,0.6492207116753924,0.21283180413363886,1.8686500735003404,0.27299703264094954,0.2757623237314692,0.5109236836433411,0.31441130435464043,0.20824741818677808,0.11389601892395189,0.0032639516571288983,1.8607945003404893,0.0016413800139847003,0.005038873330574629,0.004488340266120239
36.0,0.6520437857427812,2.2608352688174302,131.79456,131.79456,1.0,0.329381996817541,0.3485494356010863,0.20700308472285384,0.5754073310159485,0.723881853515497,0.3091475139948623,2.7027783312943705,0.30955416289738197,0.11430010070493454,0.6481960238417497,0.21189818155785778,1.860452925043339,0.2695834714396199,0.2758797184900832,0.5258215069770813,0.32827147850278887,0.21608811425625898,0.11389601892395189,0.0030604296641592067,1.7995298565742814,0.001579525527408249,0.004677680144808487,0.006010571358950789
37.0,0.648696995884171,2.282488545018734,135.45552,135.45552,1.0,0.3265032379365211,0.35178315128257254,0.20443677841137495,0.5641834197203889,0.724895648830094,0.3145617940350804,2.7253768933837743,0.31216932507285045,0.11430010070493454,0.6465384922556581,0.2105499333846454,1.8486153894916126,0.2694698767943936,0.2743873887935071,0.5584205985069275,0.32551821042755424,0.21354583010757344,0.11389601892395189,0.0029294639547606457,1.7747194956773455,0.0014973404090647107,0.004496003895417854,0.0047788547976741185
38.0,0.6480434940391977,2.0815315064003976,139.11648,139.11648,1.0,0.32386455686530874,0.35468375686683407,0.20320424751305233,0.5684933615876557,0.7245049302156461,0.314495755213265,2.7297319699200417,0.3129269376918284,0.11430010070493454,0.6484882001772082,0.21078630228279877,1.850690693794489,0.26875930805361437,0.27499999999999997,0.5784941911697388,0.3229051365541668,0.21228436520919947,0.11389601892395189,0.002759786711750314,1.7269135607912176,0.0014368472986797521,0.004202331296195234,0.0043113001221072225
39.0,0.6501491462401422,2.2099023008434164,142.77744,142.77744,1.0,0.3145107335655254,0.35138065807009516,0.19797400500130535,0.5671021353400876,0.7250751463088932,0.3162183801663755,2.720284263918648,0.31124390039696664,0.11430010070493454,0.6489808038064395,0.21156927952119023,1.8575651855088504,0.2708628005657709,0.2759295499021526,0.5327127575874329,0.31406908680046475,0.2074759618931513,0.11389601892395189,0.002716551348501426,1.752045305674983,0.00138694743045941,0.0041560018795265274,0.005208886545068247
40.0,0.6521964973244236,2.4364670615483464,146.4384,146.4384,1.0,0.31693806509722067,0.35538583622894504,0.19965350744673893,0.5533895741994347,0.7255280506806919,0.31576315500811664,2.7301046087980407,0.31285837466530236,0.11430010070493454,0.6489158101958672,0.21135674571167118,1.8556991518096309,0.271395881006865,0.2735720142115332,0.5325276851654053,0.31657288433086983,0.2091250326224414,0.11389601892395189,0.0027185196069373185,1.8054867002174433,0.0013281544510591247,0.004221226145348405,0.004547836230805631
41.0,0.6580349280626796,3.2687687152526976,150.09936,150.09936,1.0,0.3229438185463226,0.3564600604616539,0.2027669371473977,0.5694439548770227,0.7274663026572395,0.3154216161486689,2.745833002538327,0.3139765899943648,0.11430010070493454,0.6500440561052857,0.21353372403404236,1.874812886801762,0.27336185543796443,0.2754507628294036,0.5411579012870789,0.32232140438993895,0.21226285867018233,0.11389601892395189,0.00272428264447366,1.8607104077236727,0.001308093512183684,0.0042514390060330275,0.005341830448360556
42.0,0.6515866599109766,2.149996650233192,153.76032,153.76032,1.0,0.3079972440863045,0.3568598314322997,0.19439259590933336,0.5644621559102669,0.7281110606599147,0.319884549095767,2.7712130790100007,0.3172415004042066,0.11430010070493454,0.6495080188235752,0.2144526417757684,1.8828809277254714,0.26886906197251026,0.27695196369895164,0.558682918548584,0.30806122776726913,0.20495368123776125,0.11389601892395189,0.002373371821387856,1.666327387212732,0.0012385727242161346,0.0035948069299871965,0.004277625321241186
43.0,0.6569509731513464,3.9681727374833917,157.42128,157.42128,1.0,0.32856486950252345,0.3565865560092256,0.2080680433196563,0.5966513031120116,0.7299056329861843,0.31061252344435736,2.8185270028787452,0.32253103809530465,0.11430010070493454,0.647936199992882,0.21317774850213114,1.87168744365393,0.2698412698412698,0.2755770874893132,0.560278594493866,0.3287192600904103,0.2192201636480944,0.11389601892395189,0.002427222353071266,1.7520077282606508,0.0012006577421848652,0.0037452342900970398,0.004892290457619599
44.0,0.6588274023956073,3.2550537349302666,161.08224,161.08224,1.0,0.3408469694330887,0.35560141631473763,0.21453244196040025,0.5765044077881964,0.7300518118447886,0.311066479986875,2.808654117777748,0.3216854163067108,0.11430010070493454,0.6464923604710542,0.21268067232692608,1.8673231455871384,0.2682875707398868,0.2710792067161455,0.5269601941108704,0.3412396606723777,0.22486796979316256,0.11389601892395189,0.002467905264399441,1.8310371734987712,0.0012058341385972982,0.0038184307976645423,0.004394964032602343
45.0,0.6485145629966881,2.9068661217576293,164.7432,164.7432,1.0,0.30845505393009615,0.3592143826327009,0.19426121127322837,0.558600814219598,0.7305798383299363,0.3203204376794176,2.8330961781204866,0.32368849041875375,0.11430010070493454,0.647177071107553,0.209911874015718,1.8430132677058333,0.2698295033358043,0.2742523705324581,0.5360987186431885,0.30910951503794604,0.20506316024818333,0.11389601892395189,0.00230734842123463,1.7587329487505485,0.0011046250461248556,0.0035897227829832213,0.003914124916801316
46.0,0.6659412336347555,3.3667686988591745,168.40416,168.40416,1.0,0.3203214227757023,0.35559296328828754,0.20176478756595997,0.5591851934051558,0.7296403976015804,0.3181530690134059,2.815570688832847,0.3222596153249374,0.11430010070493454,0.6460363259441995,0.2096605597269252,1.8408067437977362,0.2708596350281189,0.2740447957839262,0.5476795434951782,0.32086022473633896,0.21223510718286534,0.11389601892395189,0.002261258745023172,1.7679784189313068,0.001073174429541094,0.0035238048223722638,0.0038017389373695277
47.0,0.6585003458522134,3.225025486450702,172.06512,172.06512,1.0,0.31610338752667877,0.36362025125824665,0.19837115020740517,0.5656503824458982,0.7337670438486715,0.3248393938587262,2.8566374990684174,0.32653582074727794,0.11430010070493454,0.6460976927632182,0.208847476772982,1.8336679257633137,0.2679186972542494,0.2733949945593036,0.5277986526489258,0.31651925884835996,0.2094587247303537,0.11389601892395189,0.0021984251854013943,1.7601831431456958,0.001065341485836935,0.003398176392160369,0.00417257634567855
48.0,0.6688641964491484,4.815274235638432,175.72608,175.72608,1.0,0.3277486160131229,0.3609896293562294,0.20646107464154181,0.5586893607516213,0.7330022728417882,0.31806548685663444,2.8336056746812415,0.32471725389471257,0.11430010070493454,0.6430670503653171,0.20748225686612326,1.821681379440125,0.26697684723606957,0.27035138176816303,0.525820255279541,0.3284523172143644,0.21829435011867923,0.11389601892395189,0.0021441484431064923,1.7583834695706173,0.0010634219185492008,0.0032772893471041523,0.00588497056166245
49.0,0.6609493286911011,3.1313436580394067,179.38704,179.38704,1.0,0.31454924233288484,0.36731422384623413,0.1985553339489042,0.5733328571398663,0.7347329091098294,0.3201697248482305,2.8705940591718133,0.3290028701327989,0.11430010070493454,0.641820074092967,0.20602326546722077,1.808871525217945,0.262950005642704,0.27047723232599485,0.5379384160041809,0.31532834013701827,0.21047324230400963,0.11389601892395189,0.002107332991688222,1.7703842820938007,0.0010263305201660526,0.0032377040980586377,0.0045308452075777375
50.0,0.6666034025024095,6.098848824614424,183.048,183.048,1.0,0.3081127690622019,0.36745208057406553,0.1940140383528389,0.568819631063656,0.7354331856859159,0.32380999725996723,2.8703614405963678,0.32873699693381836,0.11430010070493454,0.6440542027887993,0.2085785944985416,1.8313071560280703,0.2655119231225531,0.27050610820244325,0.5794537663459778,0.30891760916295075,0.2058869384333967,0.11389601892395189,0.0020390281687811154,1.755390339763835,0.0010125272127182695,0.0031102801436267047,0.003469459219801522
51.0,0.6697738186517048,4.672800921450721,186.70896,186.70896,1.0,0.3001597503493536,0.3685741179966523,0.18895114924882733,0.562312661372838,0.7368702690872917,0.3278870417527554,2.8843591023156705,0.33068908146408316,0.11430010070493454,0.6450464628391408,0.20874120445405792,1.8327348613776742,0.265588052271313,0.27171249659678737,0.5175623893737793,0.30185468845048435,0.20117700621313897,0.11389601892395189,0.0020587711184717797,1.8110329209503107,0.001020262300662283,0.0031388186444666604,0.003826406412058693
52.0,0.6709358696752317,4.631718706610521,190.36992,190.36992,1.0,0.29862309002221216,0.36534764778098894,0.1875618805720199,0.5315812424009091,0.7369223862675194,0.33245419962237516,2.9000857803364166,0.33184688527022005,0.11430010070493454,0.6430733250911881,0.20787684893279226,1.825145873374127,0.2669909125815948,0.2724224643755239,0.5164124965667725,0.2997792253661367,0.19988070267388117,0.11389601892395189,0.0019268822170670082,1.7360484655800974,0.0009378136714078876,0.002946182307539537,0.004185811296885718
53.0,0.6662776681209012,4.002848959508805,194.03088,194.03088,1.0,0.3143545895102902,0.3678309968828676,0.19731617757251912,0.5625358045828966,0.7366267222778866,0.31780503751805256,2.8993612494602448,0.33221775512186147,0.11430010070493454,0.6403257732256844,0.20428553314017472,1.793614342890911,0.264863021484597,0.26593152968329276,0.5209907293319702,0.3151878151066415,0.20976169212530843,0.11389601892395189,0.0019450572373554916,1.7937318557324033,0.0009493803827406972,0.0029673561482464464,0.004064843451131438
54.0,0.6709342226218228,5.694693490825616,197.69184,197.69184,1.0,0.3121662998192173,0.3676563025219772,0.1952029973728299,0.5789430644175586,0.736521230932719,0.3243495481236848,2.91517836021275,0.33429083620306005,0.11430010070493454,0.641469040828838,0.20642415165536915,1.8123912811491514,0.2649375833232335,0.2689099392054291,0.5309075117111206,0.3130752223451436,0.20753595608949305,0.11389601892395189,0.001825451882759748,1.7222478842068085,0.0009065518175821692,0.00276609071201831,0.00346033304367386
55.0,0.6667660025779109,4.1178766915544625,201.3528,201.3528,1.0,0.3152136972964902,0.36738330650259926,0.19798888737394343,0.5819164428949986,0.7382439969202714,0.32246911097439207,2.9267724540244244,0.3357018664481954,0.11430010070493454,0.639141820299983,0.20624585967054096,1.8108258885523545,0.2643585922274447,0.2669934640522876,0.5699989795684814,0.3165308565007753,0.21105778642989295,0.11389601892395189,0.0017749028672905053,1.7086790591101817,0.0008730599851274368,0.002693931882761201,0.004139741856202561
56.0,0.6729986122220749,6.943139390957155,205.01376,205.01376,1.0,0.318015626758021,0.36977487149130417,0.2009824046253888,0.5934477444261702,0.7404545219390876,0.31812337993406287,2.9232635065439423,0.33541505666834404,0.11430010070493454,0.6410743229231949,0.20757335259867993,1.822481194336355,0.2629593706218343,0.26725252003101574,0.5355834364891052,0.320289164975061,0.2146868431367379,0.11389601892395189,0.0018917330063685331,1.8593188731938426,0.0008927575111962164,0.002907448786649575,0.004393009444521521
57.0,0.6627080184805512,4.18188960232092,208.67472,208.67472,1.0,0.3050828943772243,0.3746109459079498,0.1897472847277519,0.564250236986747,0.743210270282104,0.3341532796529063,2.967263865375422,0.34039386326484466,0.11430010070493454,0.6402416918990127,0.20882310404245563,1.833453934697106,0.26399899333081667,0.26662532940629363,0.5425655245780945,0.30577417221224007,0.20305804757237308,0.11389601892395189,0.0017580170729951515,1.7636807019825937,0.0008762914989685673,0.0026505250487000383,0.0043309602663300275
58.0,0.6769837325651433,5.001662667082423,212.33568,212.33568,1.0,0.3059496381444182,0.37516954822962134,0.19141895875996304,0.5789571951827165,0.7443915457938474,0.32628939880484237,2.9905515899899293,0.3433438570615724,0.11430010070493454,0.638521350306952,0.20622746495092634,1.8106643840521235,0.2620489222572051,0.26703669441874806,0.5496718287467957,0.3074650059042401,0.20504644255940083,0.11389601892395189,0.0017766735166201526,1.819241029670593,0.000787274438279836,0.002776404420466962,0.0035894538422301067
59.0,0.6788888958077117,4.973135636512321,215.99664,215.99664,1.0,0.3182195011214297,0.3748817798394685,0.19983110503990345,0.5814299375749187,0.7434552618989039,0.3241415916791664,2.992304915099171,0.3433135167883948,0.11430010070493454,0.6397883931526377,0.20760592801373728,1.8227672044652876,0.2589025755879059,0.2690623584478333,0.5622333884239197,0.31976347867895616,0.21343552909992694,0.11389601892395189,0.0017091753026846376,1.7882736512356132,0.0007934055897341639,0.002626518423013012,0.003890369535385442
60.0,0.6842219965751635,6.683308488934533,219.6576,219.6576,1.0,0.3318889503829569,0.3768066617471032,0.20663909064537248,0.5868454075907054,0.7429256961248694,0.32504487086819506,3.004487354449437,0.3447995903476703,0.11430010070493454,0.6404964583188283,0.20820810010337312,1.8280542381590457,0.2630539710399298,0.26880260657073035,0.5429008603096008,0.3332550106289385,0.2199504640019963,0.11389601892395189,0.0015747357467634693,1.6830760903976625,0.0007740799408554904,0.0023748773934240855,0.003343979131024929
