round,train_loss,grad_sq,upload_mb,download_mb,payload_fraction,fed_f1,fed_brier,fed_f1_best,fed_auroc,fed_auprc,fed_f1_best_threshold,fed_auprc_lift,fed_prevalence,fed_ece,global_auroc,global_auprc,global_auprc_lift,global_f1,global_f1_best,global_f1_best_threshold,global_ece,global_brier,global_prevalence,divergence_total,dispersion_abs,divergence_slow,divergence_medium
1.0,0.6898326441990902,0.10030280363367639,3.65056,3.65056,0.9971592150692714,0.20357352676967672,0.2360597510430087,0.259848389347604,0.5940449081048982,0.18455938731916832,0.48345403948281823,1.653033813176368,0.11195720578980486,0.37102678715432486,0.4440347034506825,0.10751736300892764,0.9439957956802401,0.05618340329350985,0.20452799493876814,0.4668136239051819,0.36831986893794705,0.23690160942390295,0.11389601892395189,0.028691650867705053,3.055589940864593,0.0239313321874563,0.03187021303419081
2.0,0.6843720617347021,0.14325066246226528,5.632,5.632,0.5412350858791136,0.240090343835837,0.24078529930686943,0.2854229235475919,0.6499492982301047,0.213325871558434,0.5183522650923946,1.956941373492174,0.11195720578980486,0.3801500976310726,0.43843162423688664,0.10295778951592477,0.9039630224886916,0.0873499901632894,0.2045002711006687,0.46468502283096313,0.37192010308639156,0.23983825785289936,0.11389601892395189,0.02256853917311468,1.5250234014820307,,0.02256853917311468
3.0,0.6721919637320061,0.16330386549936288,7.61344,7.61344,0.5412350858791136,0.2668587369134119,0.2173414748523144,0.30006553510845363,0.6687718378625465,0.22800443109322235,0.49451157046497196,2.0913608500202647,0.11195720578980486,0.34800446038916844,0.4158151529007631,0.09236624585944364,0.8109699244283188,0.09412444059477407,0.20452799493876814,0.4670943319797516,0.37593876373108476,0.24331631343155735,0.11389601892395189,0.015776420639560407,1.1319090730976313,,0.015776420639560407
4.0,0.6579889367216601,0.22737875652542439,9.59488,9.59488,0.5412350858791136,0.28022701567296315,0.21162384505231016,0.30703359814733594,0.6813391784835747,0.23609765053376452,0.5147097441480922,2.155876835889881,0.11195720578980486,0.33938879839105374,0.4063438808798009,0.08952161688792437,0.7859942580407288,0.09498069498069497,0.20452799493876814,0.4645920991897583,0.37660319672910486,0.2442330933338847,0.11389601892395189,0.012533699177906005,0.9505213673692197,,0.012533699177906005
5.0,0.6604520681458494,0.27419273994673865,11.264,11.264,0.4559241291901578,0.26965511701694284,0.22476751135335277,0.29173501438463956,0.6608184671919468,0.2220163558285252,0.5185537613323455,2.0218377964112815,0.11195720578980486,0.3567605136484,0.4065508087895757,0.08934130862519755,0.7844111626487186,0.09713135379969803,0.20451875282422052,0.46542173624038696,0.37678793716175074,0.24449199109118633,0.11389601892395189,0.017432547375784632,0.7940218793228269,0.017432547375784632,
6.0,0.6561609341677963,0.2674538105243692,13.24544,13.24544,0.5412350858791136,0.2752351390599632,0.22484776359503583,0.3029348091046278,0.6719914872158979,0.2329301066847556,0.552132628525181,2.1227319803109057,0.11195720578980486,0.35685746093603565,0.4378782185139652,0.10014315779774259,0.8792507301296277,0.1130001278281989,0.20464526644632589,0.4680708944797516,0.37719852970005124,0.24426475606799203,0.11389601892395189,0.010112819622104943,0.804450556403026,,0.010112819622104943
7.0,0.6385079074587716,0.4030645287304263,15.22688,15.22688,0.5412350858791136,0.2855820748066177,0.21727985760229138,0.3097456261195487,0.6820960780950894,0.24211598045958674,0.5320623405348059,2.2149970001132333,0.11195720578980486,0.34647050377115124,0.419364589633681,0.09290318627518669,0.8156842280608415,0.11455631976547526,0.20450951154489178,0.4675135314464569,0.3803815962405034,0.2472319272235605,0.11389601892395189,0.009054662462421712,0.7557019316591322,,0.009054662462421712
8.0,0.6246120352448638,0.5314829678156034,17.20832,17.20832,0.5412350858791136,0.2924250380357078,0.2099457123240918,0.31516530662131004,0.6912158690099937,0.25042434661261964,0.5333671093793542,2.2993623410533823,0.11195720578980486,0.33482882645171036,0.3912531651599711,0.08641338609578589,0.758704183975771,0.1154836990317136,0.2045002711006687,0.4654049575328827,0.3897965814007253,0.2562089022247396,0.11389601892395189,0.00892335009920929,0.7760966189671308,,0.00892335009920929
9.0,0.609370535956381,0.47272621662598474,19.18976,19.18976,0.5412350858791136,0.2997540989032929,0.20380663280768999,0.32207249010465616,0.6983080533157185,0.25878956956052196,0.5418578136241082,2.389867651614055,0.11195720578980486,0.3255841105991167,0.39818341164274884,0.0874695786273467,0.7679774890617549,0.12430632630410655,0.20450951154489178,0.46919044852256775,0.3921184146870447,0.25768561467052414,0.11389601892395189,0.009656439348859807,0.8820031427312642,,0.009656439348859807
10.0,0.6470599627294313,0.48721024023738996,22.84032,22.84032,0.9971592150692714,0.2788192786323883,0.21383044059427334,0.2947863552687015,0.6629250799506226,0.2251747686535507,0.5042354001160159,2.041775169061706,0.11195720578980486,0.3403335627555246,0.40629742280945175,0.08888858428542504,0.7804362709532081,0.12107035928143713,0.20450951154489178,0.4705274999141693,0.3886927195473462,0.2546646684764605,0.11389601892395189,0.009665611565362494,1.4102365120779723,0.013935485269625857,0.007450790816553588
11.0,0.6439903856663928,0.41230493956720854,24.82176,24.82176,0.5412350858791136,0.28663008494535713,0.20468854770927855,0.30254825323251006,0.6726968466906713,0.2384312761185188,0.5085121421224293,2.1842624682776965,0.11195720578980486,0.3252807445631902,0.3935939265472558,0.08685685437141519,0.7625978080007284,0.11941618752764263,0.20453723788864786,0.4703056216239929,0.391680712425461,0.2575422465600564,0.11389601892395189,0.00663644205545265,0.6561006563715637,,0.00663644205545265
12.0,0.631299405726152,0.5146306208541036,26.8032,26.8032,0.5412350858791136,0.29473491475421604,0.21453433170072458,0.31625638700180075,0.687443003492332,0.25306853451659733,0.537109854639214,2.3314510331524936,0.11195720578980486,0.34229015428795606,0.3997278726686444,0.08764767793945738,0.7695411900040118,0.11911711054359722,0.20451875282422052,0.46894896030426025,0.39057509015614317,0.2566309356748305,0.11389601892395189,0.006907819516030504,0.7052369588054717,,0.006907819516030504
13.0,0.6092345026566701,0.613894405138611,28.78464,28.78464,0.5412350858791136,0.29909322829454027,0.20984695099160522,0.3221489976688113,0.6942632646813419,0.2596497758638197,0.5838288691900598,2.4146658267946473,0.11195720578980486,0.3355656397258751,0.41409855104532156,0.08997428711767742,0.7899686746536159,0.13073065902578795,0.20452799493876814,0.4704819917678833,0.39114310070921054,0.2567148607610993,0.11389601892395189,0.00666292434357617,0.7101751937298104,,0.00666292434357617
14.0,0.5972189956721652,0.6188475672713676,30.76608,30.76608,0.5412350858791136,0.3033662913875083,0.21008827705112604,0.33157975316131816,0.706795714569716,0.27156509784044564,0.5724828897818893,2.526637489519124,0.11195720578980486,0.3374379382670966,0.42050995299527555,0.09122737279753601,0.8009706894009028,0.13318514402148746,0.20460404323639816,0.4714154005050659,0.38950993586476906,0.2551973264559044,0.11389601892395189,0.007859132244055593,0.8733226284384727,,0.007859132244055593
15.0,0.6403969775754582,0.6109892243623344,32.4352,32.4352,0.4559241291901578,0.2857519058730122,0.2077494489730195,0.29875624214026986,0.6677557581502399,0.232735548290804,0.5267987422049608,2.1109102324445526,0.11195720578980486,0.3293980196884982,0.4069233392645389,0.08888192746071519,0.7803778244440787,0.1339858251771853,0.20454236366109071,0.4734053313732147,0.3935187138064685,0.2587412388204037,0.11389601892395189,0.010701267267829384,0.5828086857218295,0.010701267267829384,
16.0,0.6384823782999708,0.5652690979348434,34.41664,34.41664,0.5412350858791136,0.2861374403797646,0.22186068180326748,0.30176776267647903,0.6789633985308149,0.24317883961839742,0.5400169754699764,2.2207442747532062,0.11195720578980486,0.35311827430838,0.39786203273308635,0.0872807630003187,0.7663196995374866,0.12365452510117972,0.20455572629485672,0.46940740942955017,0.39311795574506747,0.25865246109214185,0.11389601892395189,0.005645994734643083,0.6488779122009873,,0.005645994734643083
17.0,0.6228198508244208,0.6065039317197651,36.39808,36.39808,0.5412350858791136,0.29445941920137925,0.21452303652835272,0.3205707751885587,0.6936496653681751,0.2595764251725467,0.5426700324213977,2.395376011524095,0.11195720578980486,0.34307321419316944,0.3945356123070767,0.08682614317231141,0.7623281655725388,0.1273031825795645,0.2045649717514124,0.47054800391197205,0.39561844320852585,0.2608583467929933,0.11389601892395189,0.006747728938782239,0.7977752108126879,,0.006747728938782239
18.0,0.6054083400594671,0.6742710192112101,38.37952,38.37952,0.5412350858791136,0.30723796638939754,0.2070896192772937,0.3311385938525199,0.7039196171824291,0.27196729990960944,0.5675360809751394,2.532798447993025,0.11195720578980486,0.33192138948001304,0.4015468905997529,0.08803738837017415,0.7729628234763545,0.13754465735628452,0.20451875282422052,0.47073599696159363,0.3977267714933058,0.2623642784437726,0.11389601892395189,0.006245889830328771,0.7681689979508519,,0.006245889830328771
19.0,0.5889030319406079,0.7922694044423494,40.36096,40.36096,0.5412350858791136,0.3142483384921267,0.19193771239902335,0.3344558508928507,0.7109445702534956,0.2847464279037231,0.5286488232483572,2.673099977513448,0.11195720578980486,0.3066797908038004,0.41025206878966913,0.08938214742543513,0.784769724788321,0.14338829615260265,0.20450951154489178,0.47218605875968933,0.398314985264061,0.262740979773763,0.11389601892395189,0.007379737396246422,0.9484566701576114,,0.007379737396246422
20.0,0.6466433035344046,0.850165677364901,44.01152,44.01152,0.9971592150692714,0.2812493750343873,0.22662698665075898,0.2974245340345307,0.6689613148272352,0.23452970075021398,0.5229623639542326,2.1267030342196964,0.11195720578980486,0.3601259704226776,0.431175355547302,0.09403758391776787,0.8256441691834422,0.13128861429832303,0.20454648167397296,0.4733758568763733,0.38524345274306104,0.25083222309875,0.11389601892395189,0.007942845520233452,1.5293549841735512,0.010598012851627328,0.006769046038907934
21.0,0.6395115466495639,0.5616606256974651,45.99296,45.99296,0.5412350858791136,0.29266778682245137,0.21050931081856164,0.31359798554714235,0.6835639136457298,0.24754635974636535,0.526613602702388,2.2747456750516224,0.11195720578980486,0.33570983270997884,0.4364961975914189,0.09537482539989722,0.8373850666683862,0.13248782697316272,0.20450951154489178,0.471327006816864,0.38433982313618253,0.24998533017770228,0.11389601892395189,0.005233695891447258,0.718293963582255,,0.005233695891447258
22.0,0.6175771708438115,0.7277854748466482,47.9744,47.9744,0.5412350858791136,0.2930462331178858,0.211919347065209,0.3232544806142369,0.6942698129443972,0.26231001896640826,0.5756817410020725,2.423659082170644,0.11195720578980486,0.3366081599263349,0.42852610353729387,0.09308884188117197,0.8173142727958488,0.13614163614163613,0.20451875282422052,0.47149917483329773,0.38777025191483555,0.2530849594253977,0.11389601892395189,0.005464693529090912,0.7748362926067784,,0.005464693529090912
23.0,0.6057452878670342,0.8882522025021873,49.95584,49.95584,0.5412350858791136,0.29954977921681153,0.21887766798629385,0.33718044195592,0.7072198678584974,0.2773580079668301,0.5857418255996524,2.58954885780446,0.11195720578980486,0.35012244581566654,0.44621756763614856,0.09873540239635609,0.8668907247959342,0.14410100130605139,0.2045115501107545,0.4780508577823639,0.38632160997413545,0.2513333872405242,0.11389601892395189,0.006480725331308821,0.9476876580156386,,0.006480725331308821
24.0,0.5890532740213906,0.915639548458549,51.93728,51.93728,0.5412350858791136,0.3086706180019602,0.19816494221622602,0.33565866274166173,0.7145006999118775,0.28798114090787336,0.5061588792248743,2.7204862263214045,0.11195720578980486,0.31831812499960804,0.4207653217887747,0.09214743929594882,0.8090488163372546,0.13756613756613756,0.20451875282422052,0.4764101207256317,0.3904096951415803,0.25521681997861456,0.11389601892395189,0.007323965586289598,1.115235616452992,,0.007323965586289598
25.0,0.6402849309931844,0.9387592681049064,53.6064,53.6064,0.4559241291901578,0.29061551437463795,0.21553659709687598,0.3029395322922697,0.6737224656364302,0.2375698481780223,0.5491862759547387,2.1574055633676386,0.11195720578980486,0.3405488166653319,0.42732527159899947,0.09393456284896713,0.8247396505727477,0.1457422056770591,0.20452799493876814,0.47726207971572876,0.390688894767755,0.25520897193047026,0.11389601892395189,0.008592529619818063,0.553046538028866,0.008592529619818063,
26.0,0.6360957945357262,0.8686611721030195,55.58784,55.58784,0.5412350858791136,0.2894581740410588,0.22169915483841357,0.3135096971176251,0.6893288402158223,0.2511561219623299,0.5514020199367576,2.299664125282152,0.11195720578980486,0.35289738355139993,0.42735861549227805,0.09383517854771131,0.8238670625561095,0.1359344194251323,0.2045002711006687,0.4747437536716461,0.3866734707656687,0.25188797043115263,0.11389601892395189,0.00435386769797508,0.6871377758216113,,0.00435386769797508
27.0,0.6099592815840025,0.8467540765830697,57.56928,57.56928,0.5412350858791136,0.30070371379366245,0.21325649733746463,0.3290879155711338,0.7019310121014657,0.26694297242748954,0.5511744205459547,2.470651175827907,0.11195720578980486,0.3412609962371393,0.4371055989680134,0.09649868243750279,0.8472524619313931,0.13928458372902816,0.20458553791887127,0.4770601689815521,0.3861113310181217,0.25122638478543524,0.11389601892395189,0.004736181560913165,0.7672761830035597,,0.004736181560913165
28.0,0.5936864941918332,0.9034853047633208,59.55072,59.55072,0.5412350858791136,0.3086511878506834,0.20335901970218234,0.3359489023301982,0.7114208804805906,0.27589461346310157,0.5999157517341938,2.5870623812365783,0.11195720578980486,0.3244120756130491,0.44355724700970406,0.0992896521061501,0.8717570029593885,0.15177252584933532,0.20450951154489178,0.4761524200439453,0.3908290097302367,0.25501464583440875,0.11389601892395189,0.00545465379601599,0.9108992575202137,,0.00545465379601599
29.0,0.5779639671516006,1.2464361819259853,61.53216,61.53216,0.5412350858791136,0.31278426896059797,0.20421417683753532,0.3431573595498554,0.7211676206378417,0.2936688994433219,0.5730256109979632,2.7580616562957885,0.11195720578980486,0.32725712153536035,0.44721587652222966,0.0980554858724461,0.8609210997788915,0.14606851870030432,0.20472583790648102,0.48087865114212036,0.38916218475184555,0.25363111914872033,0.11389601892395189,0.005795222626878966,1.0051737369503826,,0.005795222626878966
30.0,0.6443662323108845,1.3283971255274059,65.18272,65.18272,0.9971592150692714,0.28811080504147585,0.21295902852671877,0.30499676870046083,0.6757529136491252,0.24015458762993255,0.5473942368116073,2.170355305634271,0.11195720578980486,0.33808143843267785,0.43587385773007825,0.09577036394833727,0.8408578706537839,0.13652616751544047,0.20450951154489178,0.4700414836406708,0.3869237424119069,0.25186769308119905,0.11389601892395189,0.005846474951922386,1.449432727880776,0.007713262138517099,0.0051158699048598905
31.0,0.6406508601268592,0.9970358351421371,67.16416,67.16416,0.5412350858791136,0.2994708885891563,0.20506300214379855,0.3209609393395322,0.6927422887758068,0.2570031924599409,0.5328576528215798,2.3576229327418154,0.11195720578980486,0.32836281629249947,0.43603927205349036,0.09569019661487793,0.8401540064255455,0.14723694171082513,0.20450951154489178,0.46976760029792786,0.39238288071490457,0.25632326908870257,0.11389601892395189,0.005426171818685419,0.9867844253312796,,0.005426171818685419
32.0,0.6117749257157544,0.8723596100926881,69.1456,69.1456,0.5412350858791136,0.2998107159802654,0.21970597977616416,0.3329590408133396,0.703705633653421,0.2701768765116723,0.5919190685504483,2.4981617816594155,0.11195720578980486,0.34814371137245026,0.45112046273944795,0.09850919474142189,0.864904635579899,0.1517814951327852,0.20453928926666065,0.4806109666824341,0.3925492346175778,0.25634147649448574,0.11389601892395189,0.005463303400858497,1.025361959123984,,0.005463303400858497
33.0,0.591872341824709,1.0524283677426856,71.12704,71.12704,0.5412350858791136,0.3130178103873444,0.20804170799212804,0.3399119257883264,0.7180127738900085,0.2887503732773126,0.534487865472305,2.698813094650252,0.11195720578980486,0.3353152472931419,0.45555128511656606,0.09831832259978036,0.8632287899845497,0.15302556556924773,0.20466721147734498,0.48511573672294617,0.3932888841309841,0.2569312132344069,0.11389601892395189,0.005166378657720951,1.0039918447146192,,0.005166378657720951
34.0,0.5741058178459438,1.1462766076080073,73.10848,73.10848,0.5412350858791136,0.31478975020393424,0.20818840998057536,0.35102139902064977,0.729150583196776,0.30546353052143765,0.5820557570930094,2.888755670451726,0.11195720578980486,0.3338811913770703,0.41549735058484716,0.09050780325092979,0.7946529132977127,0.1373796111212066,0.20454853732423023,0.4776553213596344,0.39586093080434376,0.2598582388597138,0.11389601892395189,0.006283373857953719,1.2607178929029033,,0.006283373857953719
35.0,0.6461189457549844,1.6594878502163586,74.7776,74.7776,0.4559241291901578,0.2847346932027683,0.21764517606797165,0.3090195639843718,0.6806702095315167,0.24572232249227682,0.5568645497213149,2.2244087463661466,0.11195720578980486,0.3446927984954895,0.4208253583659088,0.09123129686686748,0.8010051424868714,0.1343526039178213,0.2045947901591896,0.4804893732070923,0.3941772331561612,0.25826748454053766,0.11389601892395189,0.00710732846194579,0.5382043430581689,0.00710732846194579,
36.0,0.6324734728414119,1.1611665877239974,76.75904,76.75904,0.5412350858791136,0.29414737753081904,0.21276407117146848,0.31844905885222824,0.6956499594560867,0.2599193913305875,0.5538967130111402,2.3851050224196078,0.11195720578980486,0.33958745020259423,0.4456929127071682,0.09519278963703542,0.8357868039320622,0.14226415094339623,0.2049370368686639,0.4856811463832855,0.3936084345717322,0.25743412683386285,0.11389601892395189,0.003995140693593601,0.8248239745153114,,0.003995140693593601
37.0,0.6085713770353791,1.2029393620964672,78.74048,78.74048,0.5412350858791136,0.3017673083963898,0.20826683932466739,0.334288739174363,0.7076796795389374,0.27554949157312114,0.575575511571069,2.561705305805223,0.11195720578980486,0.33471822472426344,0.43371030715084324,0.09317946431785162,0.8181099321835589,0.12901296111665006,0.2045649717514124,0.4685274660587311,0.3917760593424123,0.25608482817402883,0.11389601892395189,0.004119541514690535,0.8684582749847323,,0.004119541514690535
38.0,0.5923349531402209,1.2828178166149198,80.72192,80.72192,0.5412350858791136,0.3106177662453425,0.19646109758314792,0.34458186944332797,0.7186808119213216,0.2894910215440177,0.560668530912051,2.716472894297486,0.11195720578980486,0.3150383787156393,0.44832275071533134,0.09624084732332153,0.8449886855797947,0.14695104763694447,0.20481105906961938,0.48515066504478455,0.3928174712039473,0.25661101944208664,0.11389601892395189,0.004638992728364879,1.0037146275863051,,0.004638992728364879
39.0,0.5695146374444058,1.3676702264581055,82.70336,82.70336,0.5412350858791136,0.3153029739272512,0.20429998742211364,0.35372203529703694,0.730247510225798,0.3061404763654878,0.6097539961394308,2.88883446673925,0.11195720578980486,0.32701571459660417,0.45526779300171294,0.09763881846696779,0.8572627857358298,0.16589712434183881,0.20457028404952657,0.48753243684768677,0.3945413720890346,0.25780980930535646,0.11389601892395189,0.0057579435544429,1.2838807983789593,,0.0057579435544429
40.0,0.6404442084304119,1.5772911375024998,86.35392,86.35392,0.9971592150692714,0.28686960444117715,0.21784380668168696,0.3056772766679065,0.6801136691641421,0.2438971548041431,0.5257637263038308,2.203870533860354,0.11195720578980486,0.34514586059194896,0.46790291985081817,0.10073815181634854,0.8844747408038132,0.15887587822014052,0.20535170345377013,0.4885677695274353,0.39145260946374694,0.2550804616368275,0.11389601892395189,0.00444675589744537,1.3843302130699158,0.006128894173055896,0.003844878693681652
41.0,0.6364358811127537,1.3649358289459173,88.33536,88.33536,0.5412350858791136,0.293939042158127,0.2129461525874601,0.31920064741198845,0.6979943670443632,0.2618770836127766,0.5692766224178897,2.3907902175731905,0.11195720578980486,0.33932325445605555,0.4539825158026461,0.09706480167849446,0.8522229538444571,0.155076691446316,0.20513292245423606,0.48724329471588135,0.39140777283792644,0.25523647643489367,0.11389601892395189,0.003724849442609185,0.8662745138863102,,0.003724849442609185
42.0,0.6078824549180344,1.0551787113389053,90.3168,90.3168,0.5412350858791136,0.2983685446879419,0.2182372929546113,0.3355149279083822,0.7128942180003147,0.2832421455745519,0.588085379455733,2.617464908104926,0.11195720578980486,0.3497101944971471,0.4528887934349701,0.09664133158081595,0.8485049125847247,0.15288611544461778,0.20475129214282325,0.48925530910491943,0.39333445906963094,0.25701599779815376,0.11389601892395189,0.004008210311620349,0.9572793953120708,,0.004008210311620349
43.0,0.593558696655909,1.7674226458506053,92.29824,92.29824,0.5412350858791136,0.3067010686339396,0.20952357130984892,0.34859372478423,0.7225330953064646,0.29620877207146384,0.5840156585128146,2.764014920785966,0.11195720578980486,0.33650961651427513,0.4464785083862214,0.09516409676760446,0.8355348823135363,0.14006321612011063,0.20450827122341392,0.48454204201698303,0.392334133613103,0.25641217464605165,0.11389601892395189,0.0041512535786830795,1.019974346854724,,0.0041512535786830795
44.0,0.5724795764106813,1.4556906308314077,94.27968,94.27968,0.5412350858791136,0.3174224842480109,0.2023541777640309,0.35648804170852155,0.7349391483902641,0.31608564445432463,0.6096016697909111,2.986634991351151,0.11195720578980486,0.3252211824239274,0.46745467853349515,0.09913506624774288,0.8703997486859935,0.15341349883630723,0.20719663635474728,0.4890521764755249,0.3915498813116362,0.25540301869181914,0.11389601892395189,0.0050451683314384314,1.278520338353701,,0.0050451683314384314
45.0,0.6401361153713221,1.8383572468724378,95.9488,95.9488,0.4559241291901578,0.28984877054648495,0.21815520137016828,0.31244727952703627,0.6849383536822851,0.24973093503148475,0.5607928801813238,2.258395392866328,0.11195720578980486,0.34664565262679514,0.48707287250776043,0.10402570134809014,0.9133392223089717,0.15574121679520136,0.2085364640334295,0.4888908565044403,0.38876668418969906,0.2528244959024385,0.11389601892395189,0.005699765674190238,0.5049910922534764,0.005699765674190238,
46.0,0.6327276803898647,1.385906420023153,97.93024,97.93024,0.5412350858791136,0.29576053252306794,0.20687549331611144,0.32857437347496904,0.7030419345346394,0.2683020559171734,0.55730335862476,2.452688738814354,0.11195720578980486,0.33268577733538374,0.48468409691811065,0.10359062461728737,0.9095192755284501,0.14862282181000563,0.20862698055680512,0.4882882237434387,0.3876470533214186,0.2518972684122934,0.11389601892395189,0.0033322387858778224,0.8656260494608432,,0.0033322387858778224
47.0,0.608214397832933,2.0034920297526075,99.91168,99.91168,0.5412350858791136,0.3043433328292702,0.20606359118233725,0.33918385887652625,0.7149104104954643,0.2841526495194052,0.5735249991646496,2.6247926966644526,0.11195720578980486,0.3283867581099824,0.4732781261198817,0.1018356217185449,0.8941104586503618,0.14781734955900414,0.20623836126629422,0.48678845167160034,0.38791291548061146,0.25215607991535754,0.11389601892395189,0.0035106931352774768,0.9317651113960892,,0.0035106931352774768
48.0,0.5865306415296831,1.6253073234945916,101.89312,101.89312,0.5412350858791136,0.315688915151012,0.1932637954174445,0.35470112082803096,0.7276921578536166,0.302171705072579,0.5804740222915301,2.8194853732623923,0.11195720578980486,0.31031920802395585,0.45527303867254104,0.09760692308186042,0.8569827462277881,0.13691393352410303,0.20510894064613075,0.48695361614227295,0.3886333129682444,0.25307203724473176,0.11389601892395189,0.004243128590458329,1.1584588108817115,,0.004243128590458329
49.0,0.563613850294716,1.8647555839593786,103.87456,103.87456,0.5412350858791136,0.3180690360845959,0.203014401006434,0.3592829126113143,0.7388457252538031,0.3143972968861629,0.5762435460537014,2.954960626506861,0.11195720578980486,0.32631582991984037,0.46986567920218014,0.1011617004064215,0.8881934712219128,0.15948192538179007,0.205650365696257,0.489627867937088,0.39092807851462164,0.25471872607321316,0.11389601892395189,0.004591826082649272,1.2905450989492238,,0.004591826082649272
50.0,0.6415055076865719,2.123974032240125,107.52512,107.52512,0.9971592150692714,0.27851018411425205,0.22054604965455,0.3109646739879255,0.6842884957129264,0.25082910763629374,0.5645973971236643,2.2609881530823883,0.11195720578980486,0.3480521968839592,0.45779911781370075,0.09851705585256554,0.8649736556494143,0.13548773189706761,0.20457421804375336,0.4625892639160156,0.3867434386404503,0.2513520656960957,0.11389601892395189,0.003942450455988053,1.5126616564812139,0.005300620958854487,0.00349207207847991
51.0,0.6434116640315917,2.0339721618543356,109.50656,109.50656,0.5412350858791136,0.29130874008575786,0.22233952922663475,0.32267111067088666,0.7036645636718853,0.26667797945691574,0.5849416256588609,2.4314097626183733,0.11195720578980486,0.35325061186533846,0.45729451690860423,0.09822666509618977,0.8624240427733957,0.11864171864171864,0.2045649717514124,0.46208086609840393,0.3837767461821684,0.24894718637785068,0.11389601892395189,0.0032134828107510238,0.9404439101926982,,0.0032134828107510238
52.0,0.6099062822687723,1.5007445558914654,111.488,111.488,0.5412350858791136,0.3014529829282917,0.21417359025597812,0.3353504416952505,0.7138711585655851,0.2794518376627738,0.5915829105955612,2.5735167694625627,0.11195720578980486,0.3431895797469701,0.49284028679211866,0.10594342132320006,0.93017668505111,0.1297822248381401,0.20803458456347532,0.4866015911102295,0.38226223900607453,0.24744836628660716,0.11389601892395189,0.0032190137289616464,0.9595268245320767,,0.0032190137289616464
53.0,0.5912654075024701,1.677604075921081,113.46944,113.46944,0.5412350858791136,0.29624380242103454,0.21909812553685726,0.35075492684026766,0.7259818802299574,0.29948889271250684,0.5961971606264479,2.801489183636009,0.11195720578980486,0.35019899684003314,0.4753793812206691,0.10205569517987606,0.8960426900260527,0.15922822061976222,0.20706516315736953,0.49037694931030273,0.3881385296116694,0.2522181245878765,0.11389601892395189,0.003599655765890599,1.0996359961573035,,0.003599655765890599
54.0,0.5645803260522337,1.551788684868852,115.45088,115.45088,0.5412350858791136,0.31696849608880234,0.20456255927533212,0.3613912957636496,0.7380663568882389,0.31584249742910814,0.5811881202714407,2.9839714511831414,0.11195720578980486,0.32853828243222377,0.4757715139392533,0.10128774277256045,0.8893001153990293,0.16662367810162496,0.20789958659162225,0.4903566837310791,0.3892996658199032,0.2531981961636824,0.11389601892395189,0.004059478148237672,1.2728044298710302,,0.004059478148237672
55.0,0.6445344335484726,2.436646912037235,117.12,117.12,0.4559241291901578,0.2945827764972769,0.21328702545133826,0.3162842321405947,0.6899931393948328,0.2559112082825865,0.575223117466615,2.3105494529369848,0.11195720578980486,0.3388810774727558,0.47059925740376246,0.09998351235067235,0.8778490529807816,0.1665799062988027,0.20650355499790884,0.4918125569820404,0.389089586401005,0.2530681672320008,0.11389601892395189,0.004683062130675664,0.4808841135818511,0.004683062130675664,
56.0,0.6385346532862515,2.0600583624925766,119.10144,119.10144,0.5412350858791136,0.30229251278564656,0.2086602627550493,0.3242150943642746,0.7030961974451566,0.2708582685302787,0.5773867460074402,2.4673824066901275,0.11195720578980486,0.33248771222682216,0.4674948869768767,0.09942303960372034,0.8729281369360669,0.16440692419203548,0.20511366321659813,0.48837971687316895,0.390525246702663,0.25435422933115015,0.11389601892395189,0.0028318605951412005,0.90555151225999,,0.0028318605951412005
57.0,0.6148019498493836,1.644111170904455,121.08288,121.08288,0.5412350858791136,0.30095952674958304,0.2128403972986404,0.33723659925126137,0.7164078853819793,0.28643066025189917,0.5855031541228067,2.6513396367986943,0.11195720578980486,0.3399872748644834,0.46934448792188055,0.10022819806852765,0.8799973784461227,0.16599965199234384,0.2051354668177098,0.4884427785873413,0.3904930032762334,0.254307366339812,0.11389601892395189,0.0030868834290440532,1.003945943317376,,0.0030868834290440532
58.0,0.5830049211905762,1.9757227493073124,123.06432,123.06432,0.5412350858791136,0.31492380288908206,0.1984351281298059,0.3469869476710368,0.7294956815346908,0.3022590823797745,0.5576113418823071,2.832635125089722,0.11195720578980486,0.31967793595075983,0.4507478193194191,0.09648101766025871,0.8470973662800177,0.15943442223305704,0.20453723788864786,0.46669667959213257,0.3927522957417978,0.2563924051949239,0.11389601892395189,0.003175282438240458,1.0578727731481194,,0.003175282438240458
59.0,0.5672973282797009,2.760242638774512,125.04576,125.04576,0.5412350858791136,0.3206488641698956,0.20539377717252527,0.3611377316696873,0.7436225166790192,0.32358407102012443,0.5840156276620656,3.0533301491147484,0.11195720578980486,0.33024643604684517,0.4534639097094054,0.09762016720839453,0.8570990288394127,0.17062766605728213,0.20454648167397296,0.4692797064781189,0.39318354289444957,0.25659849372448834,0.11389601892395189,0.0034629620984417586,1.181890421314165,,0.0034629620984417586
60.0,0.6476255752098565,3.3383316839637396,128.69632,128.69632,0.9971592150692714,0.289196146111524,0.21203920055550946,0.31421152211939035,0.6891835182186037,0.2545004744350765,0.5495022455351092,2.2900498184964375,0.11195720578980486,0.33851273702932283,0.4890899333368104,0.1049902186359085,0.9218076244263659,0.1846727809731074,0.20800631817957452,0.4916529655456543,0.3905688674315286,0.2540314283747513,0.11389601892395189,0.003185852293859864,1.4608999198535457,0.004306843402487435,0.0028337819006423364
