round,train_loss,grad_sq,upload_mb,download_mb,payload_fraction,fed_prevalence,fed_f1_best,fed_auroc,fed_ece,fed_brier,fed_f1_best_threshold,fed_auprc,fed_auprc_lift,fed_f1,global_auroc,global_auprc,global_auprc_lift,global_f1,global_f1_best,global_f1_best_threshold,global_ece,global_brier,global_prevalence,divergence_total,dispersion_abs,divergence_slow,divergence_medium
1.0,0.6885810531736284,0.11746772424273844,0.08724,3.65056,0.9971592150692714,0.11436304128902318,0.265188828766525,0.6032864388384058,0.38977365216009574,0.2535931777230402,0.5051340786805837,0.19050813823578858,1.6633791197555998,0.18179000402356224,0.5438441575952118,0.1333614592880297,1.1709053621713927,0.20351861064628465,0.21753039027511195,0.5018106698989868,0.38787155371948473,0.2513687725015329,0.11389601892395189,1.0044861467645,8.665930883958936,0.6501433656535626,1.3246871625223293
2.0,0.689503972485818,0.07462495227990601,0.17448,7.30112,0.9971592150692714,0.11436304128902318,0.2804309933266355,0.6253273190762649,0.38368277875415807,0.24837118792007049,0.5030048331423979,0.2058122690095488,1.8149886682135714,0.1986391991663602,0.5764114155033617,0.13632484911790319,1.1969237415482183,0.22877453752322482,0.22948194411081754,0.49998268485069275,0.38603831553376367,0.24990881629187633,0.11389601892395189,0.11154684581047589,1.0368633346238312,0.08795438634726462,0.12969114269615264
3.0,0.6865941947202951,0.0945266835318576,0.26172,10.95168,0.9971592150692714,0.11436304128902318,0.28971754369223074,0.6509134207430285,0.3806223101193631,0.2456689194118027,0.5023555828751725,0.21596394859626497,1.913168101957124,0.2218513878528951,0.568223199428508,0.13469110813999974,1.1825795968332544,0.2146554699183251,0.22753774854238304,0.4987953305244446,0.3850256176196225,0.24911889060615597,0.11389601892395189,0.12846215562313157,1.2406766351025453,0.08119170300527245,0.17262864000125341
4.0,0.6836227204316472,0.09791391359094045,0.34896,14.60224,0.9971592150692714,0.11436304128902318,0.2938186630243651,0.6569510653503481,0.3764724378443106,0.24222998252838415,0.4982547603495051,0.2187811426801445,1.9434594620117427,0.2106470491957885,0.5484056448638683,0.12974992882291952,1.1391963481142677,0.18940078289671786,0.2177211460558297,0.4980508089065552,0.3843718278215458,0.24865317429884448,0.11389601892395189,0.10566581496514799,1.1685844103501566,0.05595676961701123,0.16007947087983232
5.0,0.6805317363268244,0.09984754662655629,0.4362,18.2528,0.9971592150692714,0.11436304128902318,0.294602640978139,0.6593049843405744,0.3754679007251247,0.24107550147555612,0.5008598641536507,0.2202878230135475,1.9510858306856758,0.24801003436771163,0.5314784423761052,0.1260694435273963,1.1068819149119915,0.1819740037137552,0.2097460736826655,0.4983443021774292,0.38463958186648245,0.2488862197839678,0.11389601892395189,0.08187913430006907,1.0437917455977246,0.04301048335108834,0.1298260891422069
6.0,0.67879410624724,0.12008350396962568,0.4362,18.2528,0.0,0.11436304128902318,0.30503092064482346,0.674205161669964,0.34860993886117014,0.22144778209708244,0.5697538710639166,0.23654116291189234,2.0898606873353494,0.2674970273245957,0.5314784423761052,0.1260694435273963,1.1068819149119915,0.1819740037137552,0.2097460736826655,0.4983443021774292,0.38463958186648245,0.2488862197839678,0.11389601892395189,0.0,0.0,,
7.0,0.6599833626757532,0.25741815638055277,0.4362,18.2528,0.0,0.11436304128902318,0.3187930858979221,0.6861103584118252,0.34412735792660987,0.21674351027651115,0.5385479615477907,0.2479009204146521,2.1966401524947092,0.28999193796230527,0.5314784423761052,0.1260694435273963,1.1068819149119915,0.1819740037137552,0.2097460736826655,0.4983443021774292,0.38463958186648245,0.2488862197839678,0.11389601892395189,0.0,0.0,,
8.0,0.6409391698516789,0.3887774982283575,0.4362,18.2528,0.0,0.11436304128902318,0.3254860229372491,0.6930743403045087,0.31303931634722143,0.19643289099822733,0.512646170841363,0.2557915155524704,2.271663250969025,0.3031092307287358,0.5314784423761052,0.1260694435273963,1.1068819149119915,0.1819740037137552,0.2097460736826655,0.4983443021774292,0.38463958186648245,0.2488862197839678,0.11389601892395189,0.0,0.0,,
9.0,0.6811758217197973,0.09946536561362004,0.52344,21.90336,0.9971592150692714,0.11436304128902318,0.2959321108072693,0.6618738074494367,0.36763670587910324,0.23491789797995627,0.4947858287090921,0.22452854115803,1.9862965532293757,0.23025091659627578,0.4893190612267169,0.1185942001399582,1.0412497404245822,0.1783756851021425,0.2045002711006687,0.4596555233001709,0.38478118133380523,0.24903073642089876,0.11389601892395189,0.0622027213013584,0.914726871647872,0.03208393061289995,0.10323861625428493
10.0,0.6772289572887992,0.12196418361518857,0.52344,21.90336,0.0,0.11436304128902318,0.3099999283258921,0.6739433051452589,0.34270930498339475,0.21657757573794234,0.5401939036697899,0.23934621562175207,2.1130153692833202,0.28135808047033734,0.4893190612267169,0.1185942001399582,1.0412497404245822,0.1783756851021425,0.2045002711006687,0.4596555233001709,0.38478118133380523,0.24903073642089876,0.11389601892395189,0.0,0.0,,
11.0,0.660446467325783,0.19569642926917685,0.52344,21.90336,0.0,0.11436304128902318,0.320431255265453,0.6845863051457438,0.3595133837451267,0.22758942468994509,0.5601482834509403,0.25104636529704705,2.222739490281933,0.2794961030948921,0.4893190612267169,0.1185942001399582,1.0412497404245822,0.1783756851021425,0.2045002711006687,0.4596555233001709,0.38478118133380523,0.24903073642089876,0.11389601892395189,0.0,0.0,,
12.0,0.6425718797914757,0.3224159599328205,0.52344,21.90336,0.0,0.11436304128902318,0.3298471505243909,0.6926318882442434,0.34587674757394443,0.21939045012632563,0.5922681777798998,0.25864462395854143,2.2989132338701266,0.29195878278678106,0.4893190612267169,0.1185942001399582,1.0412497404245822,0.1783756851021425,0.2045002711006687,0.4596555233001709,0.38478118133380523,0.24903073642089876,0.11389601892395189,0.0,0.0,,
13.0,0.6765346897017598,0.11527926403815299,0.61068,25.55392,0.9971592150692714,0.11436304128902318,0.2943339645251744,0.662026726503454,0.36474460082209303,0.23230875797726822,0.49566682909820736,0.22539948308602853,1.9854031692756144,0.23181241536999847,0.4734642721375717,0.11574526673361127,1.0162362813654982,0.16621292448774896,0.2045002711006687,0.45115384459495544,0.38422683793169254,0.24877402966708334,0.11389601892395189,0.05261640781217767,0.8833043453361142,0.024275304380978153,0.09469238346803106
14.0,0.6728682515599528,0.13791614218573148,0.61068,25.55392,0.0,0.11436304128902318,0.30603436825881003,0.6730519341366584,0.3463874923230373,0.21798117631954855,0.5321270676830563,0.23739710642656234,2.09165333683124,0.28463261822209895,0.4734642721375717,0.11574526673361127,1.0162362813654982,0.16621292448774896,0.2045002711006687,0.45115384459495544,0.38422683793169254,0.24877402966708334,0.11389601892395189,0.0,0.0,,
15.0,0.652243953281424,0.24631591940760839,0.61068,25.55392,0.0,0.11436304128902318,0.3158325327868749,0.6837083422773177,0.35149760677292563,0.22320195022714234,0.568050523263225,0.2501418606235243,2.217027823706104,0.2814781245782318,0.4734642721375717,0.11574526673361127,1.0162362813654982,0.16621292448774896,0.2045002711006687,0.45115384459495544,0.38422683793169254,0.24877402966708334,0.11389601892395189,0.0,0.0,,
16.0,0.6356687842960699,0.5264657967086888,0.61068,25.55392,0.0,0.11436304128902318,0.3251174340683329,0.6904541795883216,0.3065765408521437,0.1934699768287449,0.5351767505557545,0.2574675084061919,2.289386405335397,0.29697145515424667,0.4734642721375717,0.11574526673361127,1.0162362813654982,0.16621292448774896,0.2045002711006687,0.45115384459495544,0.38422683793169254,0.24877402966708334,0.11389601892395189,0.0,0.0,,
17.0,0.6709630985124541,0.15182496592147057,0.69792,29.20448,0.9971592150692714,0.11436304128902318,0.2955775651859212,0.6623326713292793,0.3587687750087163,0.2275706119678697,0.4937234852530535,0.22552860745209422,1.9874320948142457,0.22297259884780668,0.3390369671207878,0.08116916251001763,0.7126602253254707,0.1485810620960944,0.2045002711006687,0.4486454129219055,0.3863980464903144,0.25069231741950493,0.11389601892395189,0.04101352191409045,0.7680849275302535,0.017507385833770695,0.07778912686119821
18.0,0.66952655505507,0.1603763911897439,0.69792,29.20448,0.0,0.11436304128902318,0.30574964692669365,0.6752309473484341,0.36290329580982134,0.23086344947942353,0.5900042717479177,0.23951505973782347,2.118339160298889,0.27458438887569686,0.3390369671207878,0.08116916251001763,0.7126602253254707,0.1485810620960944,0.2045002711006687,0.4486454129219055,0.3863980464903144,0.25069231741950493,0.11389601892395189,0.0,0.0,,
19.0,0.6469074396078225,0.2786198759141104,0.69792,29.20448,0.0,0.11436304128902318,0.31595488270147104,0.6837720972281154,0.3298800957153767,0.20739017756992037,0.5310196759027295,0.2509101761598787,2.2253572526011824,0.2869375415478081,0.3390369671207878,0.08116916251001763,0.7126602253254707,0.1485810620960944,0.2045002711006687,0.4486454129219055,0.3863980464903144,0.25069231741950493,0.11389601892395189,0.0,0.0,,
20.0,0.6345850385032834,0.5762456470129587,0.69792,29.20448,0.0,0.11436304128902318,0.3288854790917674,0.6937021935972087,0.33503012703206436,0.21032979240549987,0.5646322888921484,0.26113030707589613,2.3158893725343876,0.29893765437463143,0.3390369671207878,0.08116916251001763,0.7126602253254707,0.1485810620960944,0.2045002711006687,0.4486454129219055,0.3863980464903144,0.25069231741950493,0.11389601892395189,0.0,0.0,,
21.0,0.6718011995886046,0.18067819915524025,0.78516,32.85504,0.9971592150692714,0.11436304128902318,0.2948215102232513,0.6626462085549932,0.3554428784685042,0.22488326167751,0.4932652778120679,0.22592687266700195,1.9897096170815243,0.23436254555412722,0.48549899556698145,0.1180158945984152,1.0361722535465805,0.1792669650417322,0.2045002711006687,0.4658830165863037,0.38491222427076,0.2491626545707798,0.11389601892395189,0.039432732315038695,0.8149538871905406,0.013156053730209972,0.08456371936213006
22.0,0.6670142146302669,0.15795681229813713,0.78516,32.85504,0.0,0.11436304128902318,0.3073149491034514,0.6749747027451236,0.3440894973844156,0.2172018190741558,0.5525627759850817,0.24085559625913905,2.1319192881752844,0.2798818913980034,0.48549899556698145,0.1180158945984152,1.0361722535465805,0.1792669650417322,0.2045002711006687,0.4658830165863037,0.38491222427076,0.2491626545707798,0.11389601892395189,0.0,0.0,,
23.0,0.6501676185336722,0.3011152415289304,0.78516,32.85504,0.0,0.11436304128902318,0.3193543350780277,0.6833259179172014,0.35326343607335664,0.22437964158467794,0.5719460106350683,0.24934432609837498,2.217726167680836,0.28944227688302365,0.48549899556698145,0.1180158945984152,1.0361722535465805,0.1792669650417322,0.2045002711006687,0.4658830165863037,0.38491222427076,0.2491626545707798,0.11389601892395189,0.0,0.0,,
24.0,0.6379340916387022,0.44842510846992234,0.78516,32.85504,0.0,0.11436304128902318,0.33188094606564905,0.6925793973816282,0.33476688394000353,0.21126503375616631,0.5497291816730513,0.2601448773084107,2.3138822227580813,0.30120389137011067,0.48549899556698145,0.1180158945984152,1.0361722535465805,0.1792669650417322,0.2045002711006687,0.4658830165863037,0.38491222427076,0.2491626545707798,0.11389601892395189,0.0,0.0,,
25.0,0.6666486160192404,0.16987150029938053,0.8724,36.5056,0.9971592150692714,0.11436304128902318,0.2936832159647501,0.6631170634517036,0.3545039274128602,0.22391788020607184,0.49514183827862523,0.22647823710787718,1.9976471707028973,0.23834470287495493,0.5127055167239265,0.12373668480327862,1.0864004376298466,0.1575580332663133,0.2045002711006687,0.46180906891822815,0.3836665229385419,0.24810085096267806,0.11389601892395189,0.03144764948281391,0.7200895654139856,0.009016609045091712,0.0727333782080765
26.0,0.6646774553040387,0.17184360588868114,0.8724,36.5056,0.0,0.11436304128902318,0.30546084468572143,0.6740966811491649,0.3330944956815825,0.2098724010306155,0.5474015051519643,0.23923130324810474,2.1100720411438223,0.2809718070754522,0.5127055167239265,0.12373668480327862,1.0864004376298466,0.1575580332663133,0.2045002711006687,0.46180906891822815,0.3836665229385419,0.24810085096267806,0.11389601892395189,0.0,0.0,,
27.0,0.6498188883783083,0.33946533253763855,0.8724,36.5056,0.0,0.11436304128902318,0.3174182020145481,0.6832451955891437,0.32715302125774953,0.20577503871917968,0.5446343871803292,0.2513468453402991,2.2274884812788454,0.2893601152624551,0.5127055167239265,0.12373668480327862,1.0864004376298466,0.1575580332663133,0.2045002711006687,0.46180906891822815,0.3836665229385419,0.24810085096267806,0.11389601892395189,0.0,0.0,,
28.0,0.6322423637398978,0.4599256623300458,0.8724,36.5056,0.0,0.11436304128902318,0.3266168477095645,0.6935430048833893,0.3527436124832414,0.22698216011449923,0.5942449912969079,0.26060969146188584,2.317957389339954,0.29189271867315747,0.5127055167239265,0.12373668480327862,1.0864004376298466,0.1575580332663133,0.2045002711006687,0.46180906891822815,0.3836665229385419,0.24810085096267806,0.11389601892395189,0.0,0.0,,
29.0,0.6662372248480752,0.17703448649244222,0.95964,40.15616,0.9971592150692714,0.11436304128902318,0.2945149397417217,0.6631052681634454,0.35174569371086056,0.2218164056480331,0.494058208907734,0.2264601931295906,1.995878624815255,0.2387564730979484,0.5023434595194092,0.12172840320352162,1.0687678494258819,0.14116670126634834,0.2045002711006687,0.4562482535839081,0.3831391472513239,0.2478269999395209,0.11389601892395189,0.025057034115356994,0.6330195347175067,0.00791244472731766,0.0582627989175838
30.0,0.663191593215912,0.20285429404154703,0.95964,40.15616,0.0,0.11436304128902318,0.3046277059248987,0.6744176382750915,0.34329560544428084,0.21756999638111488,0.5643697869190187,0.23813202262158312,2.1039501816499535,0.2820906231437042,0.5023434595194092,0.12172840320352162,1.0687678494258819,0.14116670126634834,0.2045002711006687,0.4562482535839081,0.3831391472513239,0.2478269999395209,0.11389601892395189,0.0,0.0,,
31.0,0.6431129285532099,0.3114478678405946,0.95964,40.15616,0.0,0.11436304128902318,0.31919919870635666,0.6829653316249475,0.3449500285549519,0.2174704497995929,0.553540150664019,0.2524344792497516,2.240197646755527,0.28820004049684445,0.5023434595194092,0.12172840320352162,1.0687678494258819,0.14116670126634834,0.2045002711006687,0.4562482535839081,0.3831391472513239,0.2478269999395209,0.11389601892395189,0.0,0.0,,
32.0,0.6341433989378825,0.5112501222084733,0.95964,40.15616,0.0,0.11436304128902318,0.3304021947348585,0.6927964539966286,0.33437274928014327,0.2108489375765305,0.5613101793383695,0.2642681093847152,2.364015036104625,0.29248430388022734,0.5023434595194092,0.12172840320352162,1.0687678494258819,0.14116670126634834,0.2045002711006687,0.4562482535839081,0.3831391472513239,0.2478269999395209,0.11389601892395189,0.0,0.0,,
33.0,0.6629273061290315,0.22090796193277357,1.04688,43.80672,0.9971592150692714,0.11436304128902318,0.2939358925205282,0.6631141573487087,0.35055763673783846,0.22083063746649098,0.49586742306418896,0.22675684942085197,2.0005520496034017,0.24396690039787197,0.49805669229883814,0.12076895563078476,1.0603439590932666,0.12623181604880337,0.2045002711006687,0.4482658803462982,0.38260857055859077,0.24739258310948278,0.11389601892395189,0.02163467653922623,0.5997284702116303,0.006363246088911974,0.05255213314018895
34.0,0.6597074104602643,0.21944325731193243,1.04688,43.80672,0.0,0.11436304128902318,0.3090365283898871,0.6737316687715963,0.3556308151116784,0.22471640751932884,0.5532705902993259,0.23878308589518316,2.117724489553647,0.2805249833402106,0.49805669229883814,0.12076895563078476,1.0603439590932666,0.12623181604880337,0.2045002711006687,0.4482658803462982,0.38260857055859077,0.24739258310948278,0.11389601892395189,0.0,0.0,,
35.0,0.6433680286618665,0.34212161453698214,1.04688,43.80672,0.0,0.11436304128902318,0.3220403509964656,0.6835475671104488,0.32826640719007644,0.20743644702294406,0.5483147371260211,0.25154496825565137,2.2387396908932553,0.29526576943951194,0.49805669229883814,0.12076895563078476,1.0603439590932666,0.12623181604880337,0.2045002711006687,0.4482658803462982,0.38260857055859077,0.24739258310948278,0.11389601892395189,0.0,0.0,,
36.0,0.6269657806844152,0.4498347109386434,1.04688,43.80672,0.0,0.11436304128902318,0.335020917704519,0.694885577744514,0.33278865462275964,0.2097849155528023,0.5578069561268958,0.26322071827304644,2.351907248124866,0.29864228659536846,0.49805669229883814,0.12076895563078476,1.0603439590932666,0.12623181604880337,0.2045002711006687,0.4482658803462982,0.38260857055859077,0.24739258310948278,0.11389601892395189,0.0,0.0,,
37.0,0.6577609467089542,0.21821973009974477,1.13412,47.45728,0.9971592150692714,0.11436304128902318,0.29460659339320633,0.6630276494690756,0.3489488165896884,0.21956871055843757,0.49560284402037613,0.2265312988273373,1.9986630603137017,0.25625510175007393,0.5164064378888229,0.12320601969241075,1.0817412307859078,0.093185789167152,0.2045002711006687,0.44140082597732544,0.3812357169556818,0.246203091710376,0.11389601892395189,0.018444222362652588,0.5605144309831869,0.004897463347150274,0.04723994124935247
38.0,0.6558416061347974,0.24567799949082936,1.13412,47.45728,0.0,0.11436304128902318,0.30700030046191484,0.6725790222204262,0.3326029161353336,0.21107134523592486,0.5553006764092414,0.23814481910514587,2.106031425626533,0.2826682595930069,0.5164064378888229,0.12320601969241075,1.0817412307859078,0.093185789167152,0.2045002711006687,0.44140082597732544,0.3812357169556818,0.246203091710376,0.11389601892395189,0.0,0.0,,
39.0,0.6420439928357434,0.3805363188510796,1.13412,47.45728,0.0,0.11436304128902318,0.31781741762528676,0.6847865678597396,0.3300593289507277,0.20747641372019576,0.5489202766451322,0.25177620377453486,2.237663691178171,0.29219762505346253,0.5164064378888229,0.12320601969241075,1.0817412307859078,0.093185789167152,0.2045002711006687,0.44140082597732544,0.3812357169556818,0.246203091710376,0.11389601892395189,0.0,0.0,,
40.0,0.62860120827005,0.5085946923420462,1.13412,47.45728,0.0,0.11436304128902318,0.32876201856805715,0.6922797583999304,0.3318644261525987,0.20923675729327101,0.554122791418286,0.25975192310275447,2.3136546665586817,0.30354120882163116,0.5164064378888229,0.12320601969241075,1.0817412307859078,0.093185789167152,0.2045002711006687,0.44140082597732544,0.3812357169556818,0.246203091710376,0.11389601892395189,0.0,0.0,,
41.0,0.6399199038139021,0.3064142355834862,1.17964,49.43872,0.5412350858791136,0.11436304128902318,0.33075127486154,0.6931307521768592,0.34730514377254285,0.2173429165117795,0.49655030578307335,0.26196354651338555,2.3347538346749848,0.23481066302944636,0.5252751103360347,0.12594334103465896,1.1057747428270608,0.10651527439848607,0.2069630939937284,0.49504655599594116,0.3809625546974459,0.24601213354852547,0.11389601892395189,0.05639497850269863,0.5918645802885296,,0.05639497850269863
42.0,0.6314360231655768,0.3721996361283829,1.17964,49.43872,0.0,0.11436304128902318,0.336475449139422,0.7011190663961218,0.3478660176133911,0.21975379908006012,0.5830914276217796,0.265514062901561,2.3784773701869053,0.305051477824861,0.5252751103360347,0.12594334103465896,1.1057747428270608,0.10651527439848607,0.2069630939937284,0.49504655599594116,0.3809625546974459,0.24601213354852547,0.11389601892395189,0.0,0.0,,
43.0,0.6119397354920995,0.8258216596288259,1.17964,49.43872,0.0,0.11436304128902318,0.3481125244242803,0.7103523288075502,0.339139665726456,0.21501208351249404,0.5973227270499006,0.283833615207948,2.5501464606849016,0.30230158619157155,0.5252751103360347,0.12594334103465896,1.1057747428270608,0.10651527439848607,0.2069630939937284,0.49504655599594116,0.3809625546974459,0.24601213354852547,0.11389601892395189,0.0,0.0,,
44.0,0.5980004909689487,0.8355449044003128,1.17964,49.43872,0.0,0.11436304128902318,0.35831387079977683,0.720359840984677,0.3300087916429604,0.20734131981530296,0.5935262328619652,0.28917470998670186,2.5942470867082714,0.3158640914035753,0.5252751103360347,0.12594334103465896,1.1057747428270608,0.10651527439848607,0.2069630939937284,0.49504655599594116,0.3809625546974459,0.24601213354852547,0.11389601892395189,0.0,0.0,,
45.0,0.6576053586399977,0.24432306689204605,1.26688,53.08928,0.9971592150692714,0.11436304128902318,0.29474653889628344,0.6625015229031956,0.33831365109953104,0.21209822580967577,0.48864260540800575,0.22721730660136089,2.0061704406723395,0.23466139477243342,0.517233283615752,0.12459745297315458,1.093957928910123,0.11953568782415411,0.2045002711006687,0.44732236862182617,0.3814805345474321,0.24651673028032678,0.11389601892395189,0.021331597870546726,0.715824563521892,0.006396760579369954,0.05290388057162246
46.0,0.6587924911587361,0.2604284702215181,1.26688,53.08928,0.0,0.11436304128902318,0.30833362648027235,0.6748178604377995,0.3405287078589254,0.21542230952933386,0.5592486063489261,0.23991916329592688,2.129194211381035,0.28324940336946297,0.517233283615752,0.12459745297315458,1.093957928910123,0.11953568782415411,0.2045002711006687,0.44732236862182617,0.3814805345474321,0.24651673028032678,0.11389601892395189,0.0,0.0,,
47.0,0.6461132770018853,0.33907677554737575,1.26688,53.08928,0.0,0.11436304128902318,0.31460256046680346,0.6820601806870403,0.33799569633829696,0.21317112499984303,0.573121014755493,0.24881087123607545,2.2172813181966817,0.28831981278703833,0.517233283615752,0.12459745297315458,1.093957928910123,0.11953568782415411,0.2045002711006687,0.44732236862182617,0.3814805345474321,0.24651673028032678,0.11389601892395189,0.0,0.0,,
48.0,0.6347090234150944,0.4610195626558909,1.26688,53.08928,0.0,0.11436304128902318,0.3294356177252932,0.690968305096996,0.3429173040442912,0.21723696616504026,0.5839153028037943,0.2612405712187956,2.3282908091316643,0.2934057642404928,0.517233283615752,0.12459745297315458,1.093957928910123,0.11953568782415411,0.2045002711006687,0.44732236862182617,0.3814805345474321,0.24651673028032678,0.11389601892395189,0.0,0.0,,
49.0,0.660051211412398,0.3005444838660568,1.35412,56.73984,0.9971592150692714,0.11436304128902318,0.294888828042489,0.6626335821775186,0.3374087054222402,0.21150938338049902,0.49342176870772125,0.22744952782919248,2.00901628866133,0.24476387817347506,0.5197621361857467,0.12618453674009333,1.107892426199255,0.12103465104929234,0.2050139275766017,0.49578699469566345,0.3816678895192668,0.24662241284521563,0.11389601892395189,0.014643621772890561,0.5289286853512756,0.004860459405901619,0.036632952908429044
50.0,0.652731887881753,0.28380891900950134,1.35412,56.73984,0.0,0.11436304128902318,0.3051113595910575,0.6737832711559809,0.3427183308834651,0.21649654421985046,0.5509752669340715,0.23943673257408674,2.116587876478165,0.2838521031271503,0.5197621361857467,0.12618453674009333,1.107892426199255,0.12103465104929234,0.2050139275766017,0.49578699469566345,0.3816678895192668,0.24662241284521563,0.11389601892395189,0.0,0.0,,
51.0,0.6436443703204597,0.41053917424056097,1.35412,56.73984,0.0,0.11436304128902318,0.3164146631896975,0.6832426992575007,0.34553022654999094,0.21852757302282141,0.5645925091975343,0.24882131687667136,2.208913640306837,0.28738725527365794,0.5197621361857467,0.12618453674009333,1.107892426199255,0.12103465104929234,0.2050139275766017,0.49578699469566345,0.3816678895192668,0.24662241284521563,0.11389601892395189,0.0,0.0,,
52.0,0.6273409485568372,0.45187251386279853,1.35412,56.73984,0.0,0.11436304128902318,0.3290301405704104,0.6899236982538206,0.3267301222912532,0.2051636800664782,0.5562004057516053,0.2588986410745373,2.3055153297503215,0.30315014715766353,0.5197621361857467,0.12618453674009333,1.107892426199255,0.12103465104929234,0.2050139275766017,0.49578699469566345,0.3816678895192668,0.24662241284521563,0.11389601892395189,0.0,0.0,,
53.0,0.6544332117717989,0.3175534663715976,1.44136,60.3904,0.9971592150692714,0.11436304128902318,0.29352537353819375,0.6623882373136954,0.33851215737793977,0.2122093139408864,0.49218417748936416,0.22767331077325326,2.010394896117686,0.25734324895219507,0.5288285503440583,0.1274915985654722,1.1193683481649876,0.10665929814865985,0.20756638207879693,0.4946753978729248,0.38075875326397857,0.24584571260578422,0.11389601892395189,0.013375448141928793,0.5199617615435272,0.003655486498769759,0.03612483079448149
54.0,0.6542166545985316,0.33481204496722095,1.44136,60.3904,0.0,0.11436304128902318,0.30680450830796274,0.6742629970499145,0.33650171550127694,0.21263096393108932,0.5605188618786444,0.2410854294714312,2.1309841237519955,0.2848078729723915,0.5288285503440583,0.1274915985654722,1.1193683481649876,0.10665929814865985,0.20756638207879693,0.4946753978729248,0.38075875326397857,0.24584571260578422,0.11389601892395189,0.0,0.0,,
55.0,0.6383195310272836,0.38946053408524317,1.44136,60.3904,0.0,0.11436304128902318,0.316815513106894,0.6842699820351358,0.33928259719662135,0.21339465562092214,0.5430785444286564,0.25280583213755997,2.2397210449263256,0.29447293716153095,0.5288285503440583,0.1274915985654722,1.1193683481649876,0.10665929814865985,0.20756638207879693,0.4946753978729248,0.38075875326397857,0.24584571260578422,0.11389601892395189,0.0,0.0,,
56.0,0.6274618603749326,0.4564038994750656,1.44136,60.3904,0.0,0.11436304128902318,0.3301618385681122,0.6932291115262507,0.3434489391015398,0.21750612179884476,0.5716084700738044,0.26086474490840605,2.3257944868145604,0.2991447916112123,0.5288285503440583,0.1274915985654722,1.1193683481649876,0.10665929814865985,0.20756638207879693,0.4946753978729248,0.38075875326397857,0.24584571260578422,0.11389601892395189,0.0,0.0,,
57.0,0.6347662641170257,0.38360783048204855,1.48688,62.37184,0.5412350858791136,0.11436304128902318,0.3294030834622986,0.6909128682819538,0.33897168314120046,0.21121133092290714,0.49959746339289923,0.2602084471554064,2.322841594753498,0.26697807519632805,0.5368050069702165,0.1283987827943239,1.1273333695715517,0.10240626748740907,0.21098196392785573,0.494454562664032,0.380279598565351,0.24548170299734792,0.11389601892395189,0.03407080460466183,0.4270190841052681,,0.03407080460466183
58.0,0.6591547763862093,0.4359294790460672,1.5286,64.04096,0.4559241291901578,0.11436304128902318,0.29780057849965386,0.6651551920279688,0.3284355195788788,0.2076936948188196,0.5413263474946535,0.23083580132922205,2.0390295525226465,0.27687530795211934,0.5369015875508234,0.1284626676750613,1.1278942748722018,0.10089362928797925,0.21095238095238097,0.49414053559303284,0.3800515341431141,0.24529631682519962,0.11389601892395189,0.0038583211895872,0.11271955417214485,0.0038583211895872,
59.0,0.6457810905577375,0.40968121405252556,1.5286,64.04096,0.0,0.11436304128902318,0.3108734491700395,0.6762789462670938,0.3410738259497636,0.21572629550343989,0.5447332907640651,0.24468183904385515,2.171040299947051,0.28290623962419004,0.5369015875508234,0.1284626676750613,1.1278942748722018,0.10089362928797925,0.21095238095238097,0.49414053559303284,0.3800515341431141,0.24529631682519962,0.11389601892395189,0.0,0.0,,
60.0,0.634884806464202,0.4458512149072179,1.5286,64.04096,0.0,0.11436304128902318,0.32471387811957125,0.6876419249489123,0.3225373641249217,0.20447587833503902,0.5543303259977582,0.25666668915888324,2.297308551147949,0.2976770969858342,0.5369015875508234,0.1284626676750613,1.1278942748722018,0.10089362928797925,0.21095238095238097,0.49414053559303284,0.3800515341431141,0.24529631682519962,0.11389601892395189,0.0,0.0,,
