round,train_loss,grad_sq,upload_mb,download_mb,payload_fraction,fed_auprc_lift,fed_auroc,fed_f1_best_threshold,fed_ece,fed_prevalence,fed_brier,fed_f1_best,fed_f1,fed_auprc,global_auroc,global_auprc,global_auprc_lift,global_f1,global_f1_best,global_f1_best_threshold,global_ece,global_brier,global_prevalence,divergence_total,dispersion_abs,divergence_slow,divergence_medium,divergence_fast
1.0,0.6874360308165218,0.10034831297837798,0.91652,3.66096,1.0,1.916142598184718,0.6509720743597719,0.474588211761322,0.34154966953905064,0.11157960981749523,0.21221282246834416,0.27889270542685296,0.25802693286214073,0.2096430849963506,0.649405276462163,0.19863992313316875,1.7440462362938267,0.258074252942952,0.27084361124815,0.48159822821617126,0.3391112957787782,0.21270374755354884,0.11389601892395189,0.024591536313259648,2.644737438208722,0.021690997422529657,0.02669975960256931,0.00903616496230534
2.0,0.6600546980970514,0.22207044621072664,1.83304,7.32192,1.0,1.9893235238726652,0.6581179645136123,0.5177923087581587,0.3576016413820397,0.11157960981749523,0.22442051794894682,0.2920656832185933,0.26898655723090814,0.21688445121453728,0.6577768902247751,0.20535492777532766,1.8030035616296884,0.2750986409469531,0.2760457117496949,0.5013389587402344,0.355269623470808,0.224795754393763,0.11389601892395189,0.0172154133137293,1.9807038217259105,0.016573466476614385,0.017772245213001973,0.005338070308232195
3.0,0.6468833613866894,0.26946798862670585,2.74956,10.98288,1.0,2.0543569558868944,0.6616921109801364,0.48692552317531695,0.3262143532178774,0.11157960981749523,0.20338518860986268,0.2956640164491074,0.2755852217286108,0.2231828653741958,0.6599817535991451,0.20833305173704483,1.829151305772578,0.2710173838700484,0.27603217158176946,0.4645174443721771,0.32369383174142885,0.20397397385803318,0.11389601892395189,0.01288671308609445,1.589396786848738,0.013118510956625366,0.012811079315618786,0.004981423446052619
4.0,0.6465917519394979,0.3458796989742721,3.66608,14.64384,1.0,2.082280247788505,0.6644016881695252,0.5110674505323038,0.3337435234645164,0.11157960981749523,0.2087810972838369,0.30042299834577035,0.28039507283108905,0.22621324340363302,0.6606710071371743,0.2103143345399547,1.8465468462104992,0.27318548387096775,0.2766317213391951,0.48457542061805725,0.330929070681887,0.20922906861583335,0.11389601892395189,0.010099542965379757,1.3267708401081109,0.010490135472225555,0.009874835388245212,0.004650141384486182
5.0,0.6470764052396498,0.3588099859732857,4.5826,18.3048,1.0,2.09257867917704,0.6659337073494025,0.519724966837896,0.3463234621438311,0.11157960981749523,0.21731569390534014,0.29827243672358467,0.27770140385831565,0.2280757380828185,0.6607139639104874,0.21086870392897827,1.8514141751501851,0.2727381665668065,0.27535777708137477,0.4741476774215698,0.3436587613277151,0.2179166688254155,0.11389601892395189,0.008803820638966451,1.2244574318247032,0.00914558235928641,0.008595242822130327,0.0037256220623453776
6.0,0.6472199646150332,0.32751021859093243,5.49912,21.96576,1.0,2.107561641112338,0.6692180012476167,0.5365407052525487,0.3426207806570414,0.11157960981749523,0.2156678061747479,0.29771690543490165,0.27925736110466054,0.2302730747853992,0.6608133806671882,0.21165804067188532,1.8583445029207641,0.27274795268425844,0.27564894932014833,0.5159922242164612,0.33971527215068814,0.21638698447745078,0.11389601892395189,0.008850696930817852,1.3007931168031064,0.008332475059732728,0.009290562172878523,0.004436862523485504
7.0,0.6417152139489937,0.3593886567089336,6.41564,25.62672,1.0,2.1158894785613884,0.6723738879970301,0.5321666029693946,0.34436702169173156,0.11157960981749523,0.21593496953599614,0.29923581064499977,0.28078816126314915,0.2314273393228515,0.6608533632204383,0.21210408423497207,1.8622607378102782,0.27322033898305087,0.27603074772886094,0.505156397819519,0.34130138769349094,0.21681321136490045,0.11389601892395189,0.00799028921200442,1.25126919437389,0.007640419090442871,0.008301660478144332,0.004121738583063946
8.0,0.6399169762767197,0.4001014199664289,7.33216,29.28768,1.0,2.138545345417989,0.6735968158654008,0.5312335838792905,0.3328252702426279,0.11157960981749523,0.20827921120770357,0.3004679168117869,0.2842331555277648,0.2337935175168425,0.6602846848147468,0.21158727538717848,1.857723188098917,0.27185840707964604,0.2751691613696945,0.46852636337280273,0.32970794249168306,0.20944924617970506,0.11389601892395189,0.007884529902723644,1.3114753243280575,0.007018056768541561,0.00863730729752403,0.004257657619391367
9.0,0.6393200267969873,0.3997101177295262,8.24868,32.94864,1.0,2.151476558353673,0.6743407822348554,0.5163110707918751,0.32747444119269253,0.11157960981749523,0.20547616207040242,0.3026771671014393,0.2911971239235249,0.23543551345430275,0.6603179659607666,0.21160402366178538,1.8578702369138371,0.27196179464622344,0.27442317133038785,0.494758665561676,0.32435447537843226,0.2067190634982316,0.11389601892395189,0.007765162718878566,1.3746640970239241,0.006683498398723103,0.008729323025645563,0.0037533488427169753
10.0,0.6424086284566658,0.4988480885894683,9.1652,36.6096,1.0,2.177114397669416,0.6769086461192345,0.5280341498614707,0.3299437741585464,0.11157960981749523,0.20681088447141546,0.3069163791702062,0.28809440991248336,0.23866817774449753,0.6598500345536603,0.21002661791713167,1.844020712061639,0.2695716395864106,0.27419527323280934,0.4668434262275696,0.32678162478590367,0.20839646589514024,0.11389601892395189,0.007109751679795785,1.345175884594937,0.0059910410407872944,0.008133677008828884,0.0036230298081808476
11.0,0.6432952255820882,0.49877006883083874,10.08172,40.27056,1.0,2.1749026544580277,0.67685309364405,0.5177188209612614,0.31844142103172685,0.11157960981749523,0.20004611041192258,0.3054756378273148,0.2889491983275997,0.2387901848673798,0.6607332147694598,0.21154468965784015,1.8573492880298832,0.2707479508196721,0.27222753346080303,0.48229050636291504,0.31564401070908366,0.201984259663601,0.11389601892395189,0.007211698450866037,1.4491466648305504,0.005904423318673129,0.008436985218402554,0.0036895810285503326
12.0,0.6382103320264445,0.49267654588168464,10.99824,43.93152,1.0,2.2078799182158546,0.680179839644876,0.5327887996665481,0.33438445295343755,0.11157960981749523,0.2097274728167755,0.3090538109452195,0.2895257973860364,0.24269775045407035,0.6600289269882436,0.21162986258553784,1.8580971010658645,0.2716954362733507,0.2736114665984131,0.519792914390564,0.3316263563196392,0.21195875451511126,0.11389601892395189,0.006841432857395125,1.461192389488133,0.005476678277052509,0.008139310222247774,0.004197661716231555
13.0,0.6363046024230045,0.5124935752382188,11.91476,47.59248,1.0,2.2191519872105285,0.6814661126645747,0.5591254825408987,0.3383442649776039,0.11157960981749523,0.2122203969376814,0.3088834737966653,0.28863908838462005,0.24421595760778433,0.6588899638470376,0.21069042200849358,1.8498488709177017,0.2702579319790002,0.2738165855973425,0.5105622410774231,0.33581782948879896,0.2147223710057123,0.11389601892395189,0.006616526673206902,1.4938637225786806,0.00504788516565333,0.00814621790240698,0.004359339800589518
14.0,0.6410864735926466,0.5604229327146786,12.83128,51.25344,1.0,2.253721003770838,0.6845168290509334,0.554519650687055,0.33458336389068527,0.11157960981749523,0.2087646133635341,0.3146850180709574,0.29337405962054924,0.2484365608595527,0.658279872250597,0.21002077410549208,1.8439694037569696,0.26967104470418124,0.2720200752823086,0.510402262210846,0.3318573663701073,0.21163825578607592,0.11389601892395189,0.0067146680172421955,1.609856772396597,0.005028884334641594,0.008396966919204028,0.004111277092688062
15.0,0.6404562474549775,0.6178082401444962,13.7478,54.9144,1.0,2.2803800141897805,0.6857773543277269,0.548137052697607,0.331139743765564,0.11157960981749523,0.20698567383899732,0.3177611268022641,0.2941303836472668,0.2515153587433336,0.6588007748935066,0.21003903041210564,1.8441296929996143,0.26841477949940407,0.2735066371681416,0.5339482426643372,0.32851190409582826,0.20992793281587346,0.11389601892395189,0.006549676794614877,1.664030458923662,0.0045996216827664405,0.00852827569468176,0.004384295257543104
16.0,0.6379290928900956,0.6038571249295881,14.66432,58.57536,1.0,2.295111735619017,0.6878514335814808,0.5651607162064167,0.3474445151623462,0.11157960981749523,0.21746092897136982,0.3166020096445402,0.2900963595640144,0.25245183795846454,0.6560525830059641,0.20980120212316394,1.8420415753359012,0.2662461988962721,0.2725401399752984,0.5409832000732422,0.3449451749872217,0.2206866068447741,0.11389601892395189,0.006748497940762153,1.812940097079263,0.004244720706773951,0.009324753726856134,0.003872573645032652
17.0,0.6380885847050075,0.609174192222907,15.58084,62.23632,1.0,2.3120959148618363,0.6892061652361099,0.5524026025421892,0.32795826143967866,0.11157960981749523,0.2044073804021464,0.32053698507523887,0.2944294354207604,0.25500726110782135,0.6561205508365991,0.2081889986310856,1.8278865284140695,0.26937891189215213,0.2711635750421585,0.4822773337364197,0.3253070628730332,0.2080765927259769,0.11389601892395189,0.005898971260750137,1.6815292144929117,0.003936045453277339,0.007943112805831713,0.0031734448552337407
18.0,0.6407199145384598,0.7283878487473466,16.49736,65.89728,1.0,2.335808339826583,0.6895477817512363,0.5431933973029095,0.32295243420583636,0.11157960981749523,0.20104568644155837,0.3228540072294116,0.2997993352786233,0.2573633093885271,0.6552927137029823,0.2098245787116147,1.8422468203363112,0.27075580649300657,0.2722914669223394,0.514856219291687,0.32053262009921224,0.20512703658639303,0.11389601892395189,0.005232133949974169,1.5647479667422886,0.003667049986172469,0.00688895444336431,0.003638721285381369
19.0,0.6395674877030941,0.6901749858922611,17.41388,69.55824,1.0,2.327187451097701,0.6909239762447681,0.5500157034982291,0.3120962435856714,0.11157960981749523,0.19536005324356023,0.32157885601501557,0.29950830332692546,0.25678328427550295,0.6556381499116343,0.2086813056841909,1.8322089538838662,0.27015194437290757,0.272008434370058,0.5056715607643127,0.30969872749992033,0.19967731283945886,0.11389601892395189,0.00528271291842213,1.6561653694170673,0.0034497112834659216,0.00726647049952788,0.0034363777567530183
20.0,0.6363140626487438,0.8085723732556724,18.3304,73.2192,1.0,2.340396781719816,0.6927623560828753,0.5653230612010907,0.3480669565484762,0.11157960981749523,0.21690590234344492,0.3191042885544476,0.2909896436960258,0.25912256786958376,0.6543538766687069,0.2089826855858192,1.834855050775361,0.26671293083506825,0.27292340884573896,0.5334628820419312,0.3459178796914091,0.221207181335152,0.11389601892395189,0.005391155653466624,1.7763032678885793,0.0033838743975666582,0.007594611962873129,0.0037549917194719573
21.0,0.6414434328898897,0.7501015613796956,19.24692,76.88016,1.0,2.369373077211135,0.6970909773180581,0.5582016022494936,0.3297283363410742,0.11157960981749523,0.20617726167709466,0.3284045150503155,0.29398343851530195,0.2635119592166406,0.652175919318872,0.2059309837482042,1.8080612974339678,0.26923982113438455,0.272621359223301,0.5211893916130066,0.32755968807561125,0.2117011578210012,0.11389601892395189,0.005034547438674331,1.7396450459073094,0.003242239763044884,0.00701984660315403,0.004372343798916699
22.0,0.6402612601241534,1.0402295305789133,20.16344,80.54112,1.0,2.4158453407486538,0.6969776573882558,0.5697616568633487,0.32469951679884373,0.11157960981749523,0.2042203951336482,0.3305467097714869,0.29666314965884355,0.2676465945941125,0.6522749219436651,0.2053084406107663,1.8025954072007582,0.2694786174575278,0.27338905365327576,0.5332022905349731,0.3224891713472646,0.20991077901828392,0.11389601892395189,0.005409866117726911,1.961087317478814,0.003070490536376573,0.00803192914659167,0.0055878353906296694
23.0,0.6422560791334403,1.1267031069097961,21.07996,84.20208,1.0,2.435554866870137,0.7001773989132953,0.5805088390262715,0.33988710448867937,0.11157960981749523,0.21201599342174568,0.33289482542815974,0.2969657458256896,0.2700553924629384,0.6515470411931737,0.20735318787651852,1.8205481616962202,0.26688102893890675,0.2701960294668498,0.5196940898895264,0.3370750858912725,0.21733235363736403,0.11389601892395189,0.005450612129925686,2.063503797098747,0.0029319642792353627,0.008306620742268109,0.006059175388149832
24.0,0.6408815053501755,0.9784304852151184,21.99648,87.86304,1.0,2.447554743990772,0.6998872111499191,0.5693403301053709,0.3259346389103284,0.11157960981749523,0.2028469084365307,0.33072658181546993,0.2973296967530043,0.271062877097735,0.6492661155917953,0.20466064172305073,1.7969077730425518,0.2662492172824045,0.268382791085687,0.488750159740448,0.32328955130550807,0.2086315174932935,0.11389601892395189,0.004830429421154092,1.9141707686303562,0.002795887025340873,0.007140047350519696,0.004718799555194205
25.0,0.6443172477933834,1.126670720696354,22.913,91.524,1.0,2.4503019022077885,0.7011347417457467,0.5563099187301194,0.32045065611606727,0.11157960981749523,0.1997247442591105,0.33273339480074277,0.30250996790768786,0.2721530665395859,0.6518374104075816,0.20598521850974366,1.8085374752850627,0.2687864861507887,0.2709661893875586,0.49168860912323,0.3182196502749891,0.2060016618560084,0.11389601892395189,0.004180410363913577,1.724708835445199,0.002518064276464287,0.00608051759541583,0.004147753326655456
26.0,0.6358326514513777,1.0601437590160114,23.82952,95.18496,1.0,2.446156092648518,0.7013323544023153,0.5670018800611085,0.33227593286456436,0.11157960981749523,0.20813501557147124,0.3304526623353769,0.2980968744752201,0.2711467121941248,0.652453726532086,0.20714444502511636,1.8187154123747402,0.2684532204983545,0.2705290290904627,0.5112380981445312,0.33015357772309956,0.21441233496269851,0.11389601892395189,0.004182422274614225,1.794316814341073,0.0024583327852961516,0.006172107138311793,0.004048387075942931
27.0,0.6362631564920594,1.1567981427259884,24.74604,98.84592,1.0,2.4571385448807974,0.7045483518937588,0.5673095851705237,0.33302379459408776,0.11157960981749523,0.20850381478142693,0.33298740779363867,0.30017988296167913,0.2738045620177659,0.6491205419515874,0.20579108126436052,1.8068329622808568,0.26532500578302104,0.26930203829524396,0.5150263905525208,0.3308134601275026,0.21515144899490027,0.11389601892395189,0.003924638906552174,1.7536099009912505,0.0022841807589518777,0.005815464233269998,0.006837941715032722
28.0,0.6416078251515458,1.3942697510360875,25.66256,102.50688,1.0,2.4972055259661383,0.7057966465410748,0.5596554717040796,0.31922667168987506,0.11157960981749523,0.19918910768147982,0.3331560480920886,0.30836880768341485,0.27729732197996454,0.6497623209136765,0.20707914867806898,1.8181421144872083,0.2667342799188641,0.27020399063649536,0.47436732053756714,0.31667112505508804,0.20614310323201873,0.11389601892395189,0.004347863381535741,2.0127368155226577,0.002279322292637825,0.006758755166621964,0.004959364187885068
29.0,0.6414611502864657,1.4676608203222439,26.57908,106.16784,1.0,2.49784895087483,0.705343221261998,0.5791353896250883,0.31627604721058067,0.11157960981749523,0.19803845622992433,0.3351562326636512,0.30424560848998466,0.27810767057481656,0.6465105069782733,0.20501202508075,1.7999928971848969,0.2667328945734509,0.2678274228651901,0.5058823823928833,0.3139308052351599,0.20551742497493225,0.11389601892395189,0.00391616883054592,1.880462788445584,0.0021150510658584773,0.006013308317026447,0.0057398003593165684
30.0,0.6445168781271675,1.629854769211677,27.4956,109.8288,1.0,2.5083736961456022,0.7074136136328518,0.5557007578201004,0.326539427619908,0.11157960981749523,0.2025236737845551,0.33691191485151667,0.30461642882202933,0.279751747984752,0.6443714780277423,0.2032904764189202,1.7848778064372626,0.2654336415896026,0.26790450928381965,0.4936695694923401,0.32408940724908075,0.2096002698109359,0.11389601892395189,0.0038254034643653984,1.9083585133921588,0.0020973126799757264,0.005850452996807831,0.004805606806491402
31.0,0.6451909571021958,1.324599418596257,28.41212,113.48976,1.0,2.524220122661724,0.7092289124483465,0.5507509734061921,0.31602897650830075,0.11157960981749523,0.19688515486358682,0.34359092991742735,0.30134546647881205,0.28297551344373784,0.6431239119311604,0.20048606931434557,1.7602552855531295,0.26614332742466446,0.26935464630800426,0.487296998500824,0.3136207093496887,0.20527185333574766,0.11389601892395189,0.003448782626282549,1.7787342188184994,0.001899169634907411,0.005259741067485317,0.004494975488562434
32.0,0.6374900213320951,1.5862630351892757,29.32864,117.15072,1.0,2.525732407745221,0.7084233783237827,0.5741072249663859,0.32885796693279684,0.11157960981749523,0.20662164173548087,0.34340443647484714,0.3005960814740675,0.2832640663151534,0.6443089943075185,0.20330169824293448,1.7849763333578723,0.2680730030812989,0.2696821515892421,0.5066221952438354,0.3262685177224239,0.21495546657667253,0.11389601892395189,0.0036694818016302327,1.9676774133031358,0.0019310117002944989,0.0057225914332836554,0.0038776836607379316
33.0,0.6414091383963122,1.662835565135099,30.24516,120.81168,1.0,2.5270946802106624,0.7108253588274267,0.564538851991774,0.3302336730464957,0.11157960981749523,0.20551818941719052,0.34414845758531554,0.302368974167405,0.284034180680639,0.6426860239115245,0.2024671180095445,1.7776487705398318,0.2663963749105652,0.2686873290793072,0.49275147914886475,0.32752152947231633,0.2134239456457946,0.11389601892395189,0.003565179829070546,1.976313561637653,0.0018564878012554806,0.0055704017905769026,0.00387634396973378
34.0,0.6401600187778343,1.601166562759212,31.16168,124.47264,1.0,2.550344501744186,0.7116810916270366,0.5513884145239001,0.3275964919891235,0.11157960981749523,0.20482189263845138,0.3427892076651546,0.3017435028622723,0.2861019091700956,0.6429512314751895,0.2025504991755869,1.7783808520193265,0.2677238805970149,0.26918060002371635,0.5028553009033203,0.32453399412377626,0.21300182199241374,0.11389601892395189,0.003349102334495694,1.9145112145542953,0.001754478652049659,0.005220410443748062,0.0043599485659987286
35.0,0.6495835660180826,2.1896562554625207,32.0782,128.1336,1.0,2.564709310422712,0.7123601545170319,0.5590821782322782,0.32216245143004246,0.11157960981749523,0.2009572629519151,0.34497918079229906,0.3041765771950869,0.2880180212464345,0.6440308608085592,0.2007930180929809,1.7629502768402285,0.2670637284097677,0.2682001712957299,0.5047121644020081,0.31951546989321067,0.20932264785425653,0.11389601892395189,0.0031220561083466895,1.8437270513495605,0.0016797457292281655,0.004825944524812268,0.0032539493714037887
36.0,0.6483741452403813,1.839653908346613,32.99472,131.79456,1.0,2.5637194256669344,0.7125680383821698,0.571061421592255,0.33006499017234353,0.11157960981749523,0.20623131891945629,0.3429870366487232,0.3041225233421778,0.28788727557046956,0.6423377264278753,0.19905531981592306,1.7476933934699845,0.2636752630970279,0.2690953620082657,0.5579307675361633,0.32757057301077547,0.21492005727916233,0.11389601892395189,0.0029735736913670827,1.8123031010982231,0.0016216619264111704,0.004572805278879425,0.00387714844593731
37.0,0.6466439092258204,2.408233722829168,33.91124,135.45552,1.0,2.60312369029238,0.7145490288370474,0.5689767025284529,0.32268473217996263,0.11157960981749523,0.20104540701181633,0.3425259786903347,0.3018595409401485,0.29288209410723126,0.6427990191750101,0.2018515352070839,1.7722439916171233,0.2652464005618635,0.26761363636363633,0.5402286052703857,0.32047757358093093,0.20987120307202883,0.11389601892395189,0.0029460917181843636,1.8454295509745862,0.0015390217579979435,0.004610575793621421,0.003019566523975221
38.0,0.6457237456029995,2.0109001110437914,34.82776,139.11648,1.0,2.582397034578521,0.7130585293000994,0.5595688094276536,0.30334174998306107,0.11157960981749523,0.19112914857117547,0.3399059554099309,0.30989713713095807,0.291004881597829,0.6416022783579834,0.2019805536846518,1.7733767658684694,0.2645087874573271,0.2663674762407603,0.5088711380958557,0.30129029446016603,0.20114015957237394,0.11389601892395189,0.002875888278731436,1.8544355679005093,0.0013889425395224753,0.004631915589377429,0.0036031469103003843
39.0,0.6576383144398592,2.73661008906579,35.74428,142.77744,1.0,2.6097710089100823,0.7158381811227229,0.5651860632860413,0.3090799633302165,0.11157960981749523,0.19627901050328095,0.3439996808943779,0.3051899854642336,0.2942294131909219,0.6421161282090141,0.20007391849646947,1.7566366268697975,0.2654764664966381,0.2670716616042299,0.4940818250179291,0.30652908119254396,0.20671191157186378,0.11389601892395189,0.002877742618397876,1.9022248192850384,0.0014873239076670926,0.004495812767223082,0.006601110924634696
40.0,0.6548859036259029,2.8618488866332683,36.6608,146.4384,1.0,2.612340367117271,0.7178534386677436,0.5877813332312656,0.33793374719187913,0.11157960981749523,0.21071624867510894,0.35046175289240555,0.3059780532080327,0.2938969968828413,0.639839946300394,0.20182618218227252,1.7720213936277387,0.2652321630804077,0.26632522407170295,0.5050732493400574,0.3355206653976159,0.2201394011768303,0.11389601892395189,0.0028273833290256077,1.9268960251602039,0.001450559295319556,0.00444187603995751,0.003843585103085732
41.0,0.6528788280078383,2.1638529671564597,37.57732,150.09936,1.0,2.641228423108142,0.7192109756044305,0.5547968766800331,0.320824886717158,0.11157960981749523,0.20076217641227467,0.348960173408682,0.31012274830360376,0.2979123491013321,0.6405484506973956,0.20192632569479035,1.7729006474722888,0.2673996958708621,0.2680258577821979,0.5130486488342285,0.3185766284642485,0.21106697864029536,0.11389601892395189,0.002699557644503284,1.8852704112778156,0.0014070078033380864,0.00420688243033539,0.004941222858613458
42.0,0.6540459300929768,2.54450820066199,38.49384,153.76032,1.0,2.662724960625527,0.7220072037805232,0.5631510922243339,0.3189939018234484,0.11157960981749523,0.199988543129833,0.34932972237858567,0.31208316150609977,0.30013770435004633,0.6405583020170131,0.2034390768662791,1.7861825091719397,0.2659162856137883,0.26900878293601005,0.5131755471229553,0.316976640191517,0.21094875720462158,0.11389601892395189,0.002576099721120033,1.8520027266458783,0.001342693854376835,0.004019721828446145,0.004558330772107487
43.0,0.6563934914498626,3.0940668245601097,39.41036,157.42128,1.0,2.6920104919951098,0.7226517394096752,0.5852643335311948,0.3183353888211627,0.11157960981749523,0.19844965148544927,0.3507032535482786,0.31208504104903656,0.3037779235258389,0.638801792905032,0.2016342656154645,1.7703363780440406,0.2655426765015806,0.26694045174537984,0.5054749250411987,0.31601306290425996,0.2092515155144392,0.11389601892395189,0.0023774019893530365,1.751229510835401,0.0012528045649896431,0.0036906700506778712,0.004263735321350923
44.0,0.6584911542509331,2.811679970182869,40.32688,161.08224,1.0,2.7463902355864263,0.7229079847806082,0.5734788220378119,0.3114838556305391,0.11157960981749523,0.19514453524732928,0.3551685602341703,0.31449545806418616,0.3091047123169943,0.6358129778297871,0.20205903845095086,1.7740658572611323,0.2624835349059993,0.26336011177086976,0.49581050872802734,0.30915878364440735,0.20672170516787416,0.11389601892395189,0.0023525474744812303,1.773644500930459,0.00118855822487556,0.003715556462195279,0.003833254998432281
45.0,0.6560156344929549,3.582774241019213,41.2434,164.7432,1.0,2.7253158310963124,0.7247212729977285,0.5703618602793197,0.3258851098012777,0.11157960981749523,0.20320936556891794,0.3551923053701813,0.31295944595354225,0.30709153423673213,0.6351457987773722,0.20086689629183505,1.7635989228557094,0.2611374407582938,0.2622102183209543,0.4918840229511261,0.3237390035761749,0.21462443378547336,0.11389601892395189,0.0024014221578345803,1.854439030856156,0.0012458573632082206,0.0037561249395875926,0.004545703312631834
46.0,0.652054689692844,2.8786170401995936,42.15992,168.40416,1.0,2.713808965577113,0.7273927773464933,0.5612394959634769,0.3121989348117437,0.11157960981749523,0.19421610307253698,0.35697431470456364,0.3209984594616751,0.3069037360901408,0.6357489379775474,0.20014006233576143,1.7572173656868066,0.264599224709266,0.2655101794964462,0.4931993782520294,0.3096513435004907,0.2058164328663045,0.11389601892395189,0.002282950084449675,1.8082486696112028,0.001156865294334537,0.0036061726893164498,0.0032769463055512668
47.0,0.6560660636949036,3.2656327704164347,43.07644,172.06512,1.0,2.7369204654654844,0.7269062876254843,0.5708837909601706,0.31017748386618477,0.11157960981749523,0.1938959789123059,0.35254230404938364,0.31746595579272374,0.3083670872851549,0.6382919839774623,0.20150822695825532,1.769229766431098,0.2640538885486834,0.26613935093637314,0.4900210499763489,0.3078404819165278,0.20597421974355656,0.11389601892395189,0.0021536001113920205,1.7459485461986333,0.001103681152225574,0.0033867905495401,0.0035848685795607316
48.0,0.6630208687261654,3.4034459398666455,43.99296,175.72608,1.0,2.727526454177168,0.7244845660142762,0.54889236776014,0.3016976705480578,0.11157960981749523,0.18875767516055747,0.35191795302263795,0.32092334461293875,0.30758973703450043,0.6366536154041809,0.19926751403334364,1.7495564455715884,0.2675224646983312,0.2693227091633466,0.5059272646903992,0.29959332818326934,0.20063461701596616,0.11389601892395189,0.002091829255754214,1.7368392887347,0.001054656897535296,0.003310100087331508,0.003842407019651838
49.0,0.672070175694741,3.712593533107713,44.90948,179.38704,1.0,2.6975064263581565,0.7245363420953769,0.5644356741666643,0.3188139519484142,0.11157960981749523,0.1992628470786842,0.3507902693786177,0.3176441931183039,0.3045800881889709,0.6350709914955377,0.20014690100809734,1.757277408806843,0.2631888144753848,0.26433851644149886,0.5141922235488892,0.3172526442424143,0.21103843418426904,0.11389601892395189,0.0020449935105381145,1.7343090987087635,0.0010628356695947595,0.0032010776929010144,0.0033611294418000094
50.0,0.6657348938593043,3.4806836256338975,45.826,183.048,1.0,2.705197656773267,0.724135728213577,0.572806357804749,0.3207686748315035,0.11157960981749523,0.20124151600034315,0.35356314010721235,0.30996353449046027,0.3056652892567675,0.6375383643014481,0.2017321664195847,1.7711959410476041,0.2640144665461121,0.26503210741389377,0.5515020489692688,0.3192946844673824,0.2129426227350773,0.11389601892395189,0.0019737477356266907,1.7099449125271349,0.0010047432417321638,0.003107378067197152,0.0036977655318066512
51.0,0.6595647496063681,3.5549500799842364,46.74252,186.70896,1.0,2.7690683112694283,0.7274243161086353,0.5905009036997414,0.3201210210883915,0.11157960981749523,0.20176754109842493,0.3596968173349065,0.3132827684128972,0.31236488664825446,0.6376291721342536,0.20126465530365145,1.767091222372183,0.26558995065051594,0.2668569389939351,0.5127044916152954,0.3186234103745018,0.2143934984256665,0.11389601892395189,0.001905825940080525,1.6895768338981725,0.0009664318771728023,0.0030002228331041515,0.0043721013414303005
52.0,0.6805989423308729,4.868515014864128,47.65904,190.36992,1.0,2.7561548561836235,0.7281884306744792,0.5858780514995132,0.32072605355663203,0.11157960981749523,0.20169697451063054,0.36185841617483366,0.3163189410823056,0.31147682665407295,0.6367311082686881,0.19957906522891772,1.7522918457946823,0.2641770401106501,0.26593152968329276,0.5224040150642395,0.3188052638457343,0.21447218779982627,0.11389601892395189,0.0019414978192578442,1.759659868428571,0.0009519896424999125,0.0030961790993229077,0.0035001588677840436
53.0,0.6666250437751046,4.777982275677684,48.57556,194.03088,1.0,2.764664391411072,0.7277474179078646,0.5932025698706966,0.3309063813960222,0.11157960981749523,0.20841785605413146,0.36323889269002635,0.31327686260526433,0.3123643770067839,0.6347662908072405,0.19988206749798929,1.7549521869719615,0.2592755214050494,0.2627634660421546,0.5118800401687622,0.3291347888489455,0.2213359427542109,0.11389601892395189,0.0019525086896367376,1.808222192012181,0.000950386298235654,0.0031195952603112168,0.0036972582130129143
54.0,0.6632831951051295,4.290321462441875,49.49208,197.69184,1.0,2.807456949375124,0.7282964476961538,0.566473272982973,0.3070241734647512,0.11157960981749523,0.19214781553353918,0.3621019884195717,0.32287165030097437,0.3166734877863178,0.6324048730223883,0.19736527247824154,1.7328548823995498,0.26299694189602446,0.2633534007941591,0.500954806804657,0.30476047613620505,0.20551431671688938,0.11389601892395189,0.001846911348592491,1.747826958551741,0.0009032385829459138,0.002941484967586233,0.004028692505900815
55.0,0.6688143272325392,4.565117746919306,50.4086,201.3528,1.0,2.778816042316807,0.729553703400273,0.5677250881158307,0.3152547912110323,0.11157960981749523,0.19675963195866217,0.3601122773133495,0.3222584984371926,0.314117115751062,0.6347354442548585,0.1983798416071642,1.7417627365853936,0.262189853104555,0.2639558924879393,0.4871545135974884,0.3134105331644713,0.2097476160286312,0.11389601892395189,0.0018942836597780838,1.8310101348497483,0.0008614306454300858,0.0030953939781742878,0.0032132256455073664
56.0,0.6717733297538067,3.824233084386253,51.32512,205.01376,1.0,2.792456734546876,0.7311659629418035,0.5754686128669297,0.3166260179953216,0.11157960981749523,0.1983735501827113,0.36191896090918607,0.31845948151050085,0.3159356439858084,0.6325078287244803,0.1979430404191366,1.7379276491771212,0.2649133293484758,0.2661983771345525,0.5021575689315796,0.31466907101780106,0.21217854344113657,0.11389601892395189,0.0018994726254511522,1.8729731241692207,0.0008837195889127732,0.003075739608518314,0.003630420014154296
57.0,0.6794366758116653,4.96464285398775,52.24164,208.67472,1.0,2.8275912777145593,0.731852024389388,0.5598348850814555,0.31606143140267395,0.11157960981749523,0.1978322822953191,0.36094686759843236,0.3230818249974081,0.3188995710264502,0.6337643551296059,0.19934347767903982,1.7502234016813265,0.2609732824427481,0.26370887337986043,0.507978618144989,0.3140113437007512,0.2113869435845966,0.11389601892395189,0.0017487921800493564,1.7630888540734304,0.0008526814455183624,0.0027827361131702527,0.0031515872561186254
58.0,0.6714610123865341,4.929351744970641,53.15816,212.33568,1.0,2.8460472578285834,0.731954834579197,0.5607012189863761,0.3083915808257968,0.11157960981749523,0.1931061914534885,0.3630484985038636,0.32500945567216466,0.32076995790210916,0.630322153461824,0.19822428650469986,1.740396972409139,0.2618673752868704,0.2640665755806732,0.5046471953392029,0.3062863717386369,0.20692581619758554,0.11389601892395189,0.0017190614266228157,1.7663823749571748,0.0008643836440246368,0.002699561867238039,0.003507904994435214
59.0,0.6906550342878057,5.735897313782695,54.07468,215.99664,1.0,2.8843656501349333,0.7360670936541237,0.5761571568501976,0.3131424556934711,0.11157960981749523,0.19614889846406805,0.36258067640539415,0.3245563610488214,0.3254836976636182,0.6311766958287481,0.19851996208024808,1.7429929856705475,0.26098160946468313,0.2634255239985117,0.5111834406852722,0.3118709452329612,0.21111395844197628,0.11389601892395189,0.0016243735393399268,1.7028142902017862,0.0007937576926959715,0.0025773102417852244,0.003108708114119473
60.0,0.682689982706695,5.029289924168832,54.9912,219.6576,1.0,2.872473841902927,0.7348174507850026,0.5291815377729654,0.30223296724534215,0.11157960981749523,0.18788864552784748,0.3631324987281858,0.33148206634876387,0.32467846687064994,0.6314060872571412,0.19890923905534325,1.7464108134293481,0.2597572118522386,0.2623303319446311,0.5055465698242188,0.3000768257867922,0.2024452903749211,0.11389601892395189,0.0016149179421475165,1.7240992525421461,0.0008126736571765605,0.0025351753906653323,0.0028139462914691387
