round,train_loss,grad_sq,upload_mb,download_mb,payload_fraction,fed_f1_best_threshold,fed_prevalence,fed_auprc_lift,fed_ece,fed_auroc,fed_f1,fed_f1_best,fed_auprc,fed_brier,global_auroc,global_auprc,global_auprc_lift,global_f1,global_f1_best,global_f1_best_threshold,global_ece,global_brier,global_prevalence,divergence_total,dispersion_abs,divergence_slow,divergence_medium,divergence_fast
1.0,0.6879006251330748,0.11488025857836562,3.66096,3.66096,1.0,0.5009529250689487,0.11312559017941454,1.8955002395721279,0.3693784453938658,0.6473073847475953,0.2591978412236904,0.2800598138881182,0.21296063935908185,0.23303452064352456,0.6566893045390012,0.2093203225380873,1.8378194823284386,0.27777134252287733,0.2807930607187113,0.504515528678894,0.36865991391187175,0.23323226752253898,0.11389601892395189,0.024962580305200984,2.719992176964297,0.022617042618699193,0.026638144170049106,0.012054657454046451
2.0,0.6612840952946043,0.20342091517019983,7.32192,7.32192,1.0,0.5053274605178142,0.11312559017941454,1.9514538755224067,0.3485334082701539,0.653548214517742,0.2625068708370843,0.2835922315467006,0.21954319272298178,0.21957793105099765,0.6616165330292283,0.21391175665897977,1.8781319898618067,0.2800408487461704,0.2837132655863774,0.5283392071723938,0.34821040463607167,0.22003020125520456,0.11389601892395189,0.016596751700526335,1.939197565041468,0.016428805955706043,0.016805311765712466,0.006513323040480511
3.0,0.6469343562527998,0.31424834114075684,10.98288,10.98288,1.0,0.5195471843684061,0.11312559017941454,1.9787543444522484,0.34693208849107393,0.6565781058337644,0.2650538675636444,0.2873599394435799,0.22357084437854932,0.21917225538454138,0.6614842994562222,0.21758151984965596,1.9103522836468467,0.277665544332211,0.283106196965801,0.5224807858467102,0.346200448436456,0.2193992166769573,0.11389601892395189,0.012266404981558808,1.5431933990066682,0.012592715937825459,0.01209812533936259,0.006059509894219499
4.0,0.6430551722712823,0.3215797263477397,14.64384,14.64384,1.0,0.5073912819282866,0.11312559017941454,2.011321629894907,0.3423386011665484,0.6593891530388741,0.2703462522725483,0.290882685237942,0.227312628322647,0.21686072462130895,0.6643009109546624,0.2209449107775301,1.9398826479181375,0.2842402653236703,0.28553506460920836,0.5036410689353943,0.3415342990849541,0.2170711347119934,0.11389601892395189,0.01036428352556666,1.3860225893886309,0.010596856836820392,0.010242756529660325,0.004919961473350412
5.0,0.6411894951890308,0.3460843766978488,18.3048,18.3048,1.0,0.5277249528714837,0.11312559017941454,2.0452877457677645,0.3599253113657415,0.660567905405145,0.26296733607002054,0.29019736744923846,0.23108828136452686,0.22795543090730402,0.6631096165996919,0.22221762478130908,1.9510569981351435,0.27685373967163857,0.28215667311411996,0.518623411655426,0.358970045636912,0.2280966020563982,0.11389601892395189,0.008607451220374087,1.2216909462790682,0.008823959835272888,0.008472715165364143,0.005229243077529878
6.0,0.6446407065551092,0.3879934249160312,21.96576,21.96576,1.0,0.5098151612401873,0.11312559017941454,2.0655197680217174,0.3412271297659032,0.6632761125486335,0.27040661751065087,0.29301505045664655,0.233881459379258,0.21471937691024046,0.6654566150644924,0.2246711479593476,1.9725987798516469,0.2826192794547225,0.2845977631047028,0.5168120265007019,0.34042793368725033,0.2151348759021999,0.11389601892395189,0.007586446675117178,1.1344260604037117,0.00765214597423222,0.007556562994333299,0.004690525342427788
7.0,0.6504893351016964,0.4979338620360978,25.62672,25.62672,1.0,0.531376236101198,0.11312559017941454,2.094532742074165,0.3460324261270682,0.6652249981275934,0.27099849137849097,0.29333932791230444,0.2370086134500565,0.2169208033398638,0.664986161217586,0.22566101750853476,1.9812897732554473,0.28191167574107684,0.2858334491867093,0.5209528803825378,0.3451732988431101,0.21744674503186798,0.11389601892395189,0.007482987359596724,1.181596743328555,0.007424801674885213,0.00754966677947979,0.004592983116096363
8.0,0.6407038929277573,0.3772628380369243,29.28768,29.28768,1.0,0.5057338250914122,0.11312559017941454,2.099551654411487,0.35356420762121665,0.6676665433967347,0.2729969764940878,0.2987847623747899,0.23775553700989213,0.2223871556293571,0.6647907411550585,0.22484336248309778,1.9741108127161597,0.2836219923282576,0.283982280251807,0.5004408359527588,0.3528465664967526,0.2231631902675262,0.11389601892395189,0.006615376809225322,1.1074524971627397,0.0064646495129721945,0.0067593021005588295,0.003916316738104134
9.0,0.6506579814799772,0.4169325158601824,32.94864,32.94864,1.0,0.514985578473649,0.11312559017941454,2.115245276176371,0.33855215119356846,0.6688405000647283,0.2737602349288566,0.29961683444630655,0.23934787959893628,0.21309355842824232,0.6629793909389646,0.22509562170671227,1.9763256330935333,0.27914731451708946,0.28153564899451555,0.5162070989608765,0.3378238998853337,0.21408883135826293,0.11389601892395189,0.007202903055634782,1.2726025679448867,0.0065924167253717915,0.007752295048585387,0.004117343922057183
10.0,0.6422974200292437,0.4158149171295925,36.6096,36.6096,1.0,0.5118782018110517,0.11312559017941454,2.136905254816278,0.32617318830213954,0.6710765467599127,0.27842353031791767,0.29955994660891644,0.2420541563583022,0.2052240586544134,0.6634358646966303,0.2260526825103124,1.9847285677407853,0.2766262547255899,0.2799291878734233,0.47064316272735596,0.32535777250328723,0.20634635587134417,0.11389601892395189,0.007613188990485832,1.426777228289211,0.006062772395965302,0.00901408698965752,0.005375712891687059
11.0,0.6361946440357716,0.4378104211632746,40.27056,40.27056,1.0,0.5394145752466584,0.11312559017941454,2.1618589569909585,0.33413878593630186,0.6744348530568106,0.27863893488097,0.3043104064385357,0.24585196943018098,0.20976123145371292,0.6646410889430345,0.22608593811762384,1.9850205499156288,0.2793378295524218,0.28343203415507506,0.5233659744262695,0.3335203342209093,0.2112933247610243,0.11389601892395189,0.007658166197181676,1.5193652479847515,0.006090565773408958,0.009113605683701061,0.004416027843229692
12.0,0.6409139862905866,0.5295813435830263,43.93152,43.93152,1.0,0.5305146187628296,0.11312559017941454,2.1736974420242756,0.34262989216774636,0.67696549697973,0.28195843660119335,0.3067176460830145,0.2472382549811193,0.2157233990590624,0.6641289081690857,0.22571462669297118,1.9817604585782784,0.2811033535538514,0.2836862927623924,0.5031853318214417,0.34176835846655546,0.21724533215938946,0.11389601892395189,0.006925837039153911,1.461801865398229,0.005547502168494945,0.008238537776107915,0.004121501560459911
13.0,0.6406849873245709,0.5280823831864528,47.59248,47.59248,1.0,0.5565258560501108,0.11312559017941454,2.1978169787455313,0.34175817753145216,0.6780874428780506,0.27793018413409526,0.3052828707200353,0.25054360878515314,0.21609804988031028,0.6635584477412467,0.22691274850289128,1.9922798939478332,0.2784580498866213,0.28087167070217917,0.5275643467903137,0.34091612210854344,0.21801759179746902,0.11389601892395189,0.0073788146103195154,1.6501212769690028,0.005374673928704673,0.009326501306041683,0.004403504240916264
14.0,0.638555391082605,0.6216228966078008,51.25344,51.25344,1.0,0.5493042690801965,0.11312559017941454,2.2094635001705027,0.3436910451748367,0.6791768183267864,0.28004821884543346,0.30497023749952223,0.25172449958261717,0.21671767840580947,0.6633269605544128,0.22716233181578488,1.994471219994622,0.27956989247311825,0.2831072749691738,0.5215595960617065,0.34302340047830987,0.2188542727709971,0.11389601892395189,0.006717448427372008,1.5925312640483753,0.004992539976626234,0.008407529696405238,0.004289281480575911
15.0,0.6404466164386502,0.7101726844770699,54.9144,54.9144,1.0,0.5612711051837207,0.11312559017941454,2.24129152059199,0.3470520424981668,0.6826834438285847,0.28365472560693733,0.3106691570341891,0.25543183015212173,0.2180833912995134,0.6634162499035575,0.2270248864650401,1.9932644583181094,0.27938671209540034,0.2843798650752465,0.5288881659507751,0.3463301316805128,0.22051417907127,0.11389601892395189,0.006426370224304272,1.6090541745470546,0.004484314369652578,0.008360187660766004,0.004453870672128332
16.0,0.6361405533830203,0.6153469431313539,58.57536,58.57536,1.0,0.5587463401551139,0.11312559017941454,2.2671634523173108,0.3305581764549927,0.6855668432953286,0.28547241205070323,0.3133027453343937,0.258392737762768,0.20776907517551707,0.6610864818359989,0.22503255133002653,1.9757718790880676,0.2794031253671719,0.28202715418739077,0.5271133184432983,0.3294930947687001,0.21057173004026142,0.11389601892395189,0.0066351891853339805,1.757633275256012,0.0043585061464941404,0.008929056992097048,0.004984834807081724
17.0,0.6357837871424844,0.7609731378802713,62.23632,62.23632,1.0,0.5570910752025986,0.11312559017941454,2.302970129896754,0.3538486614938255,0.688515516873737,0.2807388643576839,0.3134131327026438,0.2622904498796339,0.22346295833924126,0.6607721055204084,0.22438539513170344,1.9700898877029676,0.27555927242316536,0.2818886539816773,0.5226733684539795,0.3532404210723138,0.22678214325745735,0.11389601892395189,0.006627725007359902,1.8564911931257484,0.0043418333527390695,0.008962860545264515,0.004745328379936246
18.0,0.6385065736503444,0.8176897550081412,65.89728,65.89728,1.0,0.5360932754877419,0.11312559017941454,2.347645918199186,0.344427086532979,0.689452456503322,0.28347767802107826,0.318019160937885,0.2674141501121495,0.21568407210977295,0.6588183692248489,0.22474759983136072,1.973270022558244,0.2762882047887013,0.2809620677276535,0.5142481923103333,0.34350482028074636,0.2191347695109914,0.11389601892395189,0.006078741286734387,1.7913004400306818,0.003951476209388214,0.008298679945865401,0.00480996951258423
19.0,0.6340154836777041,0.7546496991079036,69.55824,69.55824,1.0,0.5354042457753773,0.11312559017941454,2.37587334306953,0.33798981867695427,0.6914032454970372,0.2891250726484925,0.318973489359993,0.2707892501507755,0.21178583961129463,0.6589068554090822,0.22333815195084247,1.9608951573624784,0.276848540777483,0.2824146981627296,0.523675262928009,0.3372134264642738,0.21586572157875383,0.11389601892395189,0.005253587018094228,1.6240551863047585,0.0034679213886150053,0.007143673271039131,0.004915823497498921
20.0,0.6379975935267703,0.9048646629819421,73.2192,73.2192,1.0,0.5427751083080598,0.11312559017941454,2.4066264110808793,0.33137546360040093,0.6937163437579552,0.28873597713208027,0.32294025717011154,0.2741052410331055,0.20873292717669184,0.6568543549283128,0.22285571005568483,1.9566593473691567,0.27631427585413554,0.2796375534860307,0.5175896286964417,0.33111360262286504,0.21355685537415306,0.11389601892395189,0.0049123665639820525,1.5908417236378227,0.003218411883582491,0.0067369751854562026,0.004002894763918973
21.0,0.6429737026000758,1.7588707763094003,76.88016,76.88016,1.0,0.5500182552066734,0.11312559017941454,2.4101759024032883,0.3374200177386868,0.694665438676751,0.28447644328504473,0.3237448257597949,0.2741582251366432,0.21342968635238407,0.6566153380704335,0.222070510717639,1.9497653457572997,0.27586206896551724,0.2807966560118023,0.5245627760887146,0.33713345341094736,0.21844140196003012,0.11389601892395189,0.004875569744203431,1.6531819641527363,0.003113971056462257,0.006796600289979468,0.0037216220929312096
22.0,0.6419828501398823,1.29827819248422,80.54112,80.54112,1.0,0.5641424413780989,0.11312559017941454,2.427271638080876,0.34528309839496524,0.6973119328879912,0.28679805123001345,0.3243700469773956,0.27606825886877195,0.2175474917249191,0.6558016190700264,0.2211218177273126,1.9414358799929181,0.2719372615515049,0.27757032611401544,0.5270801186561584,0.3449495801643269,0.22267653626516928,0.11389601892395189,0.00474539033610158,1.6816225445973032,0.002980800126710571,0.006689803298251313,0.003863892909049569
23.0,0.6395644088303413,1.326189687558378,84.20208,84.20208,1.0,0.534224276470245,0.11312559017941454,2.438257020021785,0.3303706829602923,0.7001169862987473,0.2947680880662319,0.32569575685369256,0.2780874865582133,0.2067162647128838,0.6550169520504022,0.2217780102320765,1.9471972095895393,0.2766325002879189,0.27896283050197984,0.5171032547950745,0.329990147597802,0.21229837948457256,0.11389601892395189,0.004382584538909351,1.622210016428653,0.0026388510617226047,0.006333281019715567,0.0035962107236229258
24.0,0.639467360272279,1.2089340328711677,87.86304,87.86304,1.0,0.5623157609623486,0.11312559017941454,2.4870605377225443,0.33439441147875393,0.7026095923269402,0.2905466392695613,0.3278770256141517,0.28370591629127406,0.21012772973172636,0.6547306112100035,0.22215661680593754,1.9505213518856266,0.2741051273782651,0.2785685778901157,0.5392568707466125,0.3343870139187369,0.2165961904310813,0.11389601892395189,0.004303076608329955,1.6603518865140359,0.0025688859460887155,0.006254048515284384,0.004382900798179221
25.0,0.6408944727368804,1.2874087207713687,91.524,91.524,1.0,0.5414753635649339,0.11312559017941454,2.5028074216025136,0.30956447996311404,0.7034172548317413,0.2977319384941275,0.32860862790396916,0.2858328060166408,0.19441928273096032,0.653529791821161,0.2209397240340484,1.9398371086312451,0.27650447358744945,0.28062120189061446,0.5158787369728088,0.3091337833493626,0.20106624648029583,0.11389601892395189,0.004272993946682113,1.7129037220274768,0.0024617608655798187,0.006330777715538746,0.004564979953822503
26.0,0.651504459093885,1.6115510316734052,95.18496,95.18496,1.0,0.5871575193432167,0.11312559017941454,2.556283407488577,0.34468903104725696,0.7063823254665407,0.28825775603100245,0.33271927934150547,0.2911321788771494,0.21591534675482424,0.6530460857532149,0.21991463494947944,1.9308368898856416,0.2711624139327663,0.2797478329393223,0.5374733209609985,0.34392885424767067,0.22229107838770426,0.11389601892395189,0.004224638977020526,1.760660778937563,0.002368889541205384,0.006345397125519061,0.003120487579185616
27.0,0.6410300889927484,1.3377475253210158,98.84592,98.84592,1.0,0.5703912771100851,0.11312559017941454,2.5902063995657363,0.3347867381013592,0.7071367207568393,0.2929975117844956,0.33130117899892514,0.29563602085908436,0.20874071572541553,0.6503882248193118,0.21839495922107344,1.9174942310046434,0.27299966707357676,0.2777303233679073,0.5157428979873657,0.3343067922046677,0.21577162875607375,0.11389601892395189,0.004210170381881273,1.8215092597383773,0.002254510611132308,0.006446439894268376,0.004566607902009646
28.0,0.6462654912022969,1.8077680700694543,102.50688,102.50688,1.0,0.5947205930976399,0.11312559017941454,2.5876557909849467,0.32205872091933063,0.7093919257556303,0.29860535390679377,0.33909065693612916,0.2956076672442167,0.2020380111696088,0.6510146181535651,0.21632521068626354,1.8993219669135528,0.27383528875726165,0.2760719225449516,0.5360057353973389,0.321875716763449,0.21010559718365834,0.11389601892395189,0.004222794774776678,1.9007181015822425,0.002177166278702549,0.00656073408050663,0.004211184575305095
29.0,0.655250642121399,2.2429038104352474,106.16784,106.16784,1.0,0.577394146759029,0.11312559017941454,2.5981041841384833,0.32749352413375116,0.7103493681087059,0.29363167797910117,0.3360596259917603,0.29698926172493156,0.20620159466275256,0.6514944840892779,0.21735536382846934,1.908366647771921,0.2704926908500271,0.2791300590522829,0.5562237501144409,0.3272394234114776,0.21430931515656163,0.11389601892395189,0.00393548163253863,1.8370376775274053,0.0021247556928786554,0.006006443447691446,0.004157227338840557
30.0,0.6513042320708866,2.1619633528993756,109.8288,109.8288,1.0,0.5698476844044801,0.11312559017941454,2.62564418948298,0.32909277945687,0.7117574949863317,0.2988410209790291,0.3373373782719582,0.2995062131014168,0.206035814475965,0.6528233329847933,0.21904074933520656,1.923164228255068,0.27551922227132125,0.28103837471783294,0.5450111627578735,0.32863629863242705,0.2137438604800665,0.11389601892395189,0.003555093274600635,1.7151944760262268,0.0020086391542537465,0.005336737137912547,0.0044413175524519125
31.0,0.6523230921518491,1.9424010115725856,113.48976,113.48976,1.0,0.5925245628478508,0.11312559017941454,2.6334549325013907,0.32632700851860824,0.7123479344325813,0.29943765954490625,0.33798997367732403,0.30050279375502753,0.20503446452898133,0.6509133942758134,0.21801856699492791,1.9141895305445085,0.2766896864032605,0.28048295077617086,0.5290897488594055,0.32592237714344263,0.213347341410171,0.11389601892395189,0.0034367050216355883,1.7105839842133719,0.0018840549362470437,0.005240756000104131,0.004311316147234663
32.0,0.6569509052531177,2.9192523303732023,117.15072,117.15072,1.0,0.5843475361064727,0.11312559017941454,2.663511108905317,0.3241261995225028,0.7133872653325759,0.2965883864601558,0.3430432932360418,0.3038278424575728,0.2034634590613016,0.6515511825122486,0.21780312384338085,1.9122979530022686,0.27627627627627627,0.2784519095669945,0.5254449844360352,0.3237918132945189,0.2121483777275429,0.11389601892395189,0.003290840638108899,1.6902411875180405,0.0018098499619547343,0.005021617652126663,0.003674675450692395
33.0,0.6443709503108334,1.6986279896060779,120.81168,120.81168,1.0,0.5889916502476339,0.11312559017941454,2.6656916820199745,0.3293769257915367,0.7147365755802606,0.30075501379822206,0.33992828839155415,0.3047125185748552,0.20618599273906446,0.6489104766788769,0.2168126091685508,1.9036012954352346,0.2708426214890771,0.27890818858560795,0.5203012824058533,0.3295768579531222,0.21527426787075046,0.11389601892395189,0.003062936814188244,1.621281365514733,0.0017136860840194605,0.0046469045919531535,0.00365386200059437
34.0,0.652353300177614,2.5390789278826906,124.47264,124.47264,1.0,0.5757918066523682,0.11312559017941454,2.659563205385228,0.326071865459848,0.713946903229803,0.2953396437983852,0.34132313734073627,0.30415767570217916,0.20449121562748446,0.64985808577992,0.21497799846947385,1.8874935269951285,0.2721546481320591,0.27619596541786745,0.510898768901825,0.3263064422666449,0.21376989005985234,0.11389601892395189,0.0030669301762920043,1.6750475369681226,0.0016999548514676386,0.00466973141545053,0.005041867999150191
35.0,0.6480567856480139,1.9100641075153528,128.1336,128.1336,1.0,0.6029826481330309,0.11312559017941454,2.6760144230484926,0.3367315974088603,0.7158576047055112,0.29835562019476114,0.3418894638502726,0.3056593415684493,0.2109950177611973,0.6493465952258171,0.21737796380295915,1.908565074149799,0.26753300330033003,0.2757707129094413,0.5257791876792908,0.33653560511246794,0.21972910171991794,0.11389601892395189,0.00285040922897956,1.6034725558083665,0.001567202873351088,0.004363486132363058,0.0042332276206963355
36.0,0.6497993936484081,2.1075765190732167,131.79456,131.79456,1.0,0.5906606523991382,0.11312559017941454,2.715003530233084,0.31974194215317103,0.7172519332835229,0.3032579827816935,0.34364017511513306,0.30980887675835833,0.19965905619258995,0.6493891629661261,0.21779204081884812,1.9122006447325202,0.2738273596865276,0.27744481800906307,0.5453702211380005,0.3198205147625797,0.2087437689288648,0.11389601892395189,0.002686939909454931,1.5568481936843455,0.0014379074840889774,0.004164252517989422,0.004453801873067271
37.0,0.6515132497444874,2.788237509917531,135.45552,135.45552,1.0,0.5888046647641582,0.11312559017941454,2.7098508793818943,0.31689711785393937,0.7184121905787619,0.30074400423460906,0.34611050218122275,0.3097534869690836,0.1985904686138752,0.6474221242517202,0.21486569332228148,1.8865074947505127,0.2689655172413793,0.2760372565622354,0.537643313407898,0.3174088408272579,0.20815016347776882,0.11389601892395189,0.0028242601332973405,1.68702600724464,0.0014300140640391298,0.004469318447760118,0.005126669519266839
38.0,0.6583455686080478,2.695155544496443,139.11648,139.11648,1.0,0.5936803213522649,0.11312559017941454,2.7155868104588374,0.32857576568749913,0.7197769774388307,0.30324199932982726,0.3461543343748035,0.3102498335402081,0.20592637056467225,0.6468579887475593,0.2169026242152294,1.9043916219763115,0.27177472167648986,0.2733657482441923,0.5397109985351562,0.3290564173052439,0.21556844993900223,0.11389601892395189,0.0027521773565123463,1.6936802409436496,0.0013546291939585966,0.0044035945142890135,0.0036090075829719546
39.0,0.6557127494076531,2.459534787391526,142.77744,142.77744,1.0,0.5868526823835098,0.11312559017941454,2.7309863614762593,0.3190195488060892,0.718873498223168,0.3015473404116371,0.34656338472093123,0.3115304474613497,0.2017577523770471,0.6473616609932269,0.21571103659912796,1.893929556424248,0.27162383816293056,0.27426062846580407,0.510047972202301,0.31970227864520906,0.21208083479260345,0.11389601892395189,0.0027910991459795626,1.765711076093794,0.0013366178276918502,0.004510103662923199,0.004635066356346206
40.0,0.6580892820306177,2.7652694643090125,146.4384,146.4384,1.0,0.5589435524429434,0.11312559017941454,2.7783284306073543,0.3163262947320815,0.721059005343932,0.3052369433960559,0.3469944288851673,0.31737192218707844,0.19841142984782567,0.6452383063079217,0.21142113219357536,1.8562644611374939,0.2695818776062211,0.27210884353741494,0.5526534914970398,0.3173430971759839,0.20872594179996898,0.11389601892395189,0.002620810462395321,1.7033459658941865,0.0013360005434955823,0.004138512072434846,0.005275631593747321
41.0,0.6564972203297856,2.454047943899636,150.09936,150.09936,1.0,0.599313828517027,0.11312559017941454,2.7637105682332987,0.3323147216925643,0.7217939402705804,0.29865621167731266,0.34803667838378916,0.3153606578877316,0.20936088466995484,0.6466241548132493,0.2133278838710243,1.8730056229047203,0.27056410256410257,0.2728492619651111,0.5703896880149841,0.33354806306406337,0.21991416058608854,0.11389601892395189,0.0025878748749486188,1.727725246522823,0.0012517726578200965,0.00416721203870432,0.005555346316049056
42.0,0.6623054049332635,2.8160820131396953,153.76032,153.76032,1.0,0.5727893380631732,0.11312559017941454,2.780769201211469,0.33134822306439243,0.7242220997392427,0.30198439081052236,0.3505986218803013,0.318186708334477,0.20731921746253956,0.6452849651694986,0.21339295774326253,1.873576967477191,0.2673225873979485,0.27332217318520774,0.5647081136703491,0.3324310860599444,0.21800744947775547,0.11389601892395189,0.002405578598019294,1.6504858537482505,0.001200459181287603,0.003828017588655225,0.003947660673639369
43.0,0.6543175945251709,2.2657004905292206,157.42128,157.42128,1.0,0.5715106302118916,0.11312559017941454,2.8149566912044204,0.3099871545200241,0.7257025718695227,0.31622214882160904,0.3517940778547784,0.32222720011968564,0.19268811716370557,0.6431713237598418,0.2130327206957079,1.8704141084856474,0.2687154271665642,0.2711374476080359,0.5254436731338501,0.310783679432294,0.20343387886585673,0.11389601892395189,0.0021766228970023413,1.5311173275113106,0.0010683182865765407,0.003483988331719969,0.004574189474891326
44.0,0.6601869427547411,2.7428169034127885,161.08224,161.08224,1.0,0.5709166961381148,0.11312559017941454,2.8460015803550145,0.31698177887506607,0.727280368538429,0.30842736264523063,0.3588508595619163,0.3261011659110734,0.19733387872660568,0.6427122271667619,0.21209128498318894,1.8621483611714453,0.2658199138126559,0.2707070707070707,0.5238246321678162,0.3172765959452704,0.2082499781335065,0.11389601892395189,0.0022267776522852264,1.6031503703252383,0.0010988103585210377,0.0035548915872499086,0.006619873642238309
45.0,0.6581169311943207,3.124815734239984,164.7432,164.7432,1.0,0.5601984560846118,0.11312559017941454,2.836438844551435,0.3146787406483547,0.7244299415828761,0.3079527035864363,0.35822029037903064,0.3244867404672173,0.19663659325479763,0.644817636136076,0.21270634210600953,1.8675485246594357,0.2674604991985345,0.2757955641272903,0.5277466773986816,0.31557122865029225,0.20762898667944757,0.11389601892395189,0.0022162436952226795,1.6342129554723215,0.0010856561949894054,0.003552282482766231,0.005352020882043797
46.0,0.6678318146014138,8.675067417494445,168.40416,168.40416,1.0,0.5691971284171714,0.11312559017941454,2.8208570123491743,0.3232678382065181,0.7268237163517799,0.3074036401520196,0.35718940721148706,0.32291639541790246,0.20215034443550647,0.643274367308096,0.213273985279866,1.8725323966087748,0.26718403547671843,0.2756938090881366,0.5560302138328552,0.3240903872409214,0.21350591160445764,0.11389601892395189,0.002197587242459298,1.6611141957127984,0.0010365685960045021,0.0035683420394660163,0.004932922221882436
47.0,0.6565691124576009,2.983038023666423,172.06512,172.06512,1.0,0.5797898323628976,0.11312559017941454,2.8498184890132947,0.31885308587997746,0.7284550767751872,0.3105162068779435,0.3587712618093292,0.3267092487257358,0.1992726961572918,0.6416379062514792,0.21189125327147018,1.8603920951174728,0.2655360928260627,0.27423024419839226,0.5542525053024292,0.31984694184445206,0.21099676526212519,0.11389601892395189,0.002290125333416956,1.7730246523478854,0.0010186034218662937,0.003785875075955511,0.006092653824785882
48.0,0.6616465048172249,3.2682437125646175,175.72608,175.72608,1.0,0.5827562327406711,0.11312559017941454,2.856465629286586,0.3262017210311285,0.7284580965734253,0.30621598576595965,0.3591584553854128,0.3272397598046887,0.2042654899544592,0.6429761546863493,0.2119886000336847,1.86124679366738,0.26525542715196027,0.2720210664911126,0.5359145998954773,0.3274881241770385,0.21600054861028453,0.11389601892395189,0.0020870858743318485,1.655645166708382,0.0009832527854522126,0.0033818072626354933,0.006007926397110692
49.0,0.6643628231359426,3.4961883492895955,179.38704,179.38704,1.0,0.5959500930258265,0.11312559017941454,2.901676992534184,0.33486948504844566,0.7323353253083303,0.30644371715278984,0.36137572033633375,0.33253756538700374,0.20934212318904,0.6412232598164699,0.21116799719398455,1.8540419515012279,0.26133115557370357,0.2685214129415442,0.5745940804481506,0.3364368960202723,0.22176498015430876,0.11389601892395189,0.0020851291646938525,1.6923368958687206,0.0009931186610899565,0.003369320310036995,0.00518826122383525
50.0,0.6680488191112017,3.2896169608729857,183.048,183.048,1.0,0.5709624693383951,0.11312559017941454,2.8852004556790654,0.3140351787235263,0.7304821103371458,0.31021186716774846,0.361282605728121,0.3313925504847098,0.19565501867750032,0.6415733644211699,0.2099140979881639,1.8430327940463227,0.2633725672998485,0.273186119873817,0.552855908870697,0.3154130222136339,0.20774126497674114,0.11389601892395189,0.0019492142556770298,1.6203406110616925,0.0009284778039770149,0.0031487621976385204,0.004712222425701743
51.0,0.6708757968309577,3.2363927814470195,186.70896,186.70896,1.0,0.586761683492042,0.11312559017941454,2.891433836384419,0.3321127707251821,0.73063653063327,0.30246019060467316,0.36155940152589816,0.3312213182857572,0.20817522702839464,0.6429451198921912,0.2112007963260101,1.8543299258513013,0.2625139043381535,0.26945812807881775,0.531198263168335,0.3343722865504614,0.22065973151259727,0.11389601892395189,0.0019049619069294737,1.6184148987067601,0.000910523137680694,0.003074318099798588,0.00407582161936256
52.0,0.6644745085679444,3.435530123554068,190.36992,190.36992,1.0,0.5795464561801307,0.11312559017941454,2.8914416137701258,0.3239923703816583,0.7334043313640773,0.3080368821230092,0.3656796737726466,0.33231081877272006,0.20243591126878205,0.6402946254864607,0.2082969161456177,1.8288340375153682,0.26148187073042567,0.26724137931034486,0.5881487727165222,0.32652356870425253,0.21517249806713268,0.11389601892395189,0.0018478901830610293,1.6038220542832278,0.0008658001312578469,0.003002359614116807,0.00421941730246344
53.0,0.6749690196793037,5.944669705349132,194.03088,194.03088,1.0,0.5923037468430229,0.11312559017941454,2.9407115628497116,0.318726194273132,0.7330887933023168,0.3080349954527593,0.36453504949555654,0.33728754721572635,0.200848956629845,0.6410258318416636,0.20865138946667203,1.8319462913448106,0.2600253271422541,0.266541235497021,0.5726964473724365,0.3199911088870958,0.21412208102942887,0.11389601892395189,0.0018237955946233265,1.6173920585670203,0.000832991977269764,0.002986724901328985,0.004787503965048052
54.0,0.6761109133375537,4.658855287825552,197.69184,197.69184,1.0,0.5556821167037514,0.11312559017941454,2.927070499214372,0.3012860508099381,0.732530899364125,0.310828599410084,0.36754150711978234,0.3359442899358693,0.18904148387748426,0.6401245051186453,0.20812121711533077,1.8272914108990308,0.2589875275128393,0.2668344870988043,0.5530376434326172,0.302831631211994,0.20272074596312095,0.11389601892395189,0.0017360873828896656,1.571315429668175,0.000812133472671852,0.0028172906674962094,0.005578773647590407
55.0,0.675934619556226,4.1287800262719685,201.3528,201.3528,1.0,0.5865787303687868,0.11312559017941454,2.902598455196935,0.31224530832609704,0.7298864103034137,0.3112111411525008,0.3631363283496441,0.3331894494009893,0.19645604458604635,0.6395610723837819,0.20818351052724474,1.8278383432018672,0.2640181611804767,0.26950142236861807,0.5558385252952576,0.31365953699935045,0.2099636192021869,0.11389601892395189,0.0017306294135550862,1.5975132871717506,0.0008255444728662776,0.002789717532165387,0.005011780309747918
56.0,0.6785503689860686,4.361898592371135,205.01376,205.01376,1.0,0.5906695409882244,0.11312559017941454,2.926161886658046,0.3317881155143294,0.7318109590245405,0.30644641369815406,0.3627845872605802,0.33553926963328,0.20815405079555305,0.6397926474167782,0.20944714234974982,1.8389329524291556,0.26233230134158925,0.2678047479327821,0.5473772883415222,0.3335423328820736,0.22169440472906543,0.11389601892395189,0.0017069375102747248,1.609072470862884,0.0008004765116711686,0.002766757910580355,0.004968794344155988
57.0,0.6621140772648283,3.4355838467271362,208.67472,208.67472,1.0,0.5859024610577944,0.11312559017941454,2.945925735812722,0.3226865098862343,0.7333017005511494,0.3109909525138534,0.3645334684439534,0.33833772752875463,0.20171792905352287,0.6401448979777262,0.20928485347928483,1.8375080661864385,0.26146341463414635,0.2672244737874232,0.5345469117164612,0.3248930790108113,0.21536709225720352,0.11389601892395189,0.001685877607086535,1.6227826287577045,0.0007621558711895884,0.002761002867734389,0.005589346432062803
58.0,0.6700828631578796,3.9367301701699686,212.33568,212.33568,1.0,0.5720175556859618,0.11312559017941454,2.9456386100756533,0.3237612806072573,0.7338444413353583,0.3089833263930598,0.3643204962769899,0.33792382070756066,0.20263860577853043,0.6394002888080627,0.20920143667465685,1.8367756718023671,0.25999149659863946,0.2656734947237741,0.5653570294380188,0.3257270271126635,0.216206860660408,0.11389601892395189,0.0016566623084751234,1.6272820127551313,0.0007639559810913372,0.002694568712140194,0.005289494699732892
59.0,0.6705640423769846,3.9425074650438887,215.99664,215.99664,1.0,0.5780925669889988,0.11312559017941454,2.9849762198856,0.3125842541835727,0.7353209357178687,0.3188517742655352,0.37184266965734736,0.34227809806738774,0.19576895760918903,0.6373603628779387,0.2087877731665302,1.8331437317922175,0.2603145657624801,0.26241799437675734,0.48263901472091675,0.31498529142681625,0.21047190931577814,0.11389601892395189,0.0015983016556645564,1.6027990283719191,0.0007237610343196955,0.0026092474076669088,0.006304553997031359
60.0,0.6777241669224943,5.397126170856917,219.6576,219.6576,1.0,0.5913259566618206,0.11312559017941454,3.017220776697883,0.3224882152502636,0.7375884398563174,0.31004773841670386,0.3712079653731146,0.34584377638961034,0.20270103375114484,0.6357336652947774,0.2060384660925528,1.8090049857679769,0.2592515157850721,0.2605210420841683,0.4905211627483368,0.3245718734155502,0.21774281159827555,0.11389601892395189,0.0016450666711586544,1.6823656898027366,0.0007550757448403046,0.002675312092909176,0.005314350913969298
