round,train_loss,grad_sq,upload_mb,download_mb,payload_fraction,fed_auprc,fed_auprc_lift,fed_f1,fed_ece,fed_prevalence,fed_auroc,fed_f1_best_threshold,fed_brier,fed_f1_best,global_auroc,global_auprc,global_auprc_lift,global_f1,global_f1_best,global_f1_best_threshold,global_ece,global_brier,global_prevalence,divergence_total,dispersion_abs,divergence_slow,divergence_medium
1.0,0.17486673666519376,0.031745029805397215,3.65056,3.65056,0.9971592150692714,0.183622911469884,1.6085908383738536,0.20304156860721395,0.3819744646736777,0.11334172435494018,0.5917153298792031,0.4939127334620383,0.24579416951959918,0.2613726654205884,0.5486107280042372,0.15547653025574779,1.3650743171239297,0.0017660044150110375,0.20734514159911938,0.4722251892089844,0.3579398284405297,0.22889045023390514,0.11389601892395189,0.023633550527287748,2.513870927039534,0.019445169822117338,0.026431182749491352
2.0,0.17247788143937362,0.02653118855824141,5.632,5.632,0.5412350858791136,0.21767761413518089,1.9252002296050177,0.24296334514148735,0.38750039234785544,0.11334172435494018,0.6482264715225754,0.5103236703057945,0.24876821284434075,0.28972931585268424,0.5521902583224325,0.16478631266469396,1.4468136307268247,0.014814814814814815,0.21884402216943785,0.4737023413181305,0.3579131985917845,0.2287676304323878,0.11389601892395189,0.017956001103455636,1.1923917974345386,,0.017956001103455636
3.0,0.16853977308222937,0.02475620815888721,7.61344,7.61344,0.5412350858791136,0.22996931436133158,2.0279761516477413,0.2678231019680047,0.3761733857489291,0.11334172435494018,0.6678475015932223,0.5033879588222713,0.23919276663677438,0.29926523040182124,0.5288770665244931,0.1430838531721202,1.2562673789999363,0.00176522506619594,0.20453723788864786,0.46072688698768616,0.3583737015289199,0.22925241387367756,0.11389601892395189,0.013912212438254391,0.965161583153531,,0.013912212438254391
4.0,0.16626282215950133,0.029325880026638274,9.59488,9.59488,0.5412350858791136,0.23886972688797425,2.1118963004834876,0.2801652066864919,0.3745240073465866,0.11334172435494018,0.6807827647504878,0.512194977017076,0.2369616234063145,0.30871171815220527,0.535836590878185,0.1433731085020144,1.2588070229016899,0.0,0.20564754583086928,0.47133874893188477,0.35830942740815475,0.22919875174827664,0.11389601892395189,0.012536801661691006,0.9102099384181201,,0.012536801661691006
5.0,0.16701130879460827,0.035863260233175744,11.264,11.264,0.4559241291901578,0.22718649906486085,2.019217065403969,0.26911249308108015,0.3824853760011544,0.11334172435494018,0.6616802001075034,0.5161628863434884,0.24302146430241275,0.2976571373312705,0.5097314849028338,0.13034349076798094,1.144407785271327,0.004403346543372964,0.20473153299859773,0.46456480026245117,0.3585520681119228,0.2294225951548545,0.11389601892395189,0.01585978578317765,0.7076862934045494,0.01585978578317765,
6.0,0.1657494458882654,0.03985482749462392,13.24544,13.24544,0.5412350858791136,0.2363299321509934,2.1004345551712977,0.27392178228702857,0.37954664093807394,0.11334172435494018,0.6716696521172577,0.5187236249446868,0.24056979859395317,0.3045762671879621,0.5151571901657075,0.1478329310541116,1.2979639890031567,0.021616947686986597,0.20486346963727756,0.4635940194129944,0.35800208820989027,0.22891239575439315,0.11389601892395189,0.011660816947897444,0.8840774752898142,,0.011660816947897444
7.0,0.16397904056067505,0.058592802893685944,15.22688,15.22688,0.5412350858791136,0.24567361496573636,2.1903589815369227,0.2805238445374493,0.3780750015890019,0.11334172435494018,0.6793778722599705,0.5217619787566387,0.239115324827626,0.3112983902893865,0.45773772589577855,0.11732113904184407,1.0300723427407865,0.01222707423580786,0.20455572629485672,0.4626602530479431,0.360033996917322,0.23063028452329726,0.11389601892395189,0.01020450301277397,0.8123082539532334,,0.01020450301277397
8.0,0.15945073344821878,0.06742548094347921,17.20832,17.20832,0.5412350858791136,0.2555043687777726,2.288855773631754,0.2892821938616707,0.3740960277987396,0.11334172435494018,0.6910661127022604,0.5236609239185133,0.2354583392706172,0.3204003877472884,0.3958662934225462,0.0896737372990516,0.7873298658395299,0.005226480836236934,0.2045002711006687,0.46060702204704285,0.36238050811051586,0.232777318353988,0.11389601892395189,0.00993570023670916,0.8226839355193079,,0.00993570023670916
9.0,0.15675710374056326,0.0643199735930837,19.18976,19.18976,0.5412350858791136,0.2676343297228703,2.4116616859585713,0.29727580121416586,0.3714440247176426,0.11334172435494018,0.6984880272764418,0.5288974605842983,0.2330357185118955,0.32743684197662176,0.41259956923253926,0.09730731071207126,0.8543521681564931,0.012221737232649499,0.20453723788864786,0.4639788866043091,0.3632304740798655,0.23326054766662188,0.11389601892395189,0.010795006521977854,0.9367823444772512,,0.010795006521977854
10.0,0.16371633742337066,0.051672324330620654,22.84032,22.84032,0.9971592150692714,0.2290159082406073,2.0278132839329532,0.27503386148590275,0.3782628112577505,0.11334172435494018,0.6610242765985007,0.5155413312908986,0.23990748801872996,0.29704208803971477,0.42289943135422287,0.09693468755665785,0.8510805599042133,0.011270047680970958,0.20453723788864786,0.4644707441329956,0.3627869137847565,0.23296475380561804,0.11389601892395189,0.010128774866587751,1.4122626297175884,0.013565500844918177,0.00830237533023033
11.0,0.16474097704136528,0.06988838766664722,24.82176,24.82176,0.5412350858791136,0.23924399193073478,2.135669000209853,0.28522933528664035,0.3690182176192951,0.11334172435494018,0.6714163548915505,0.5060102725344081,0.23220740443489848,0.3031173252508955,0.384684430733527,0.08592573595310227,0.7544226458913782,0.004780876494023904,0.20453723788864786,0.46022969484329224,0.36346559627372066,0.23380523108407159,0.11389601892395189,0.008247377475167494,0.7786417987663299,,0.008247377475167494
12.0,0.15847760314466003,0.051576809405446,26.8032,26.8032,0.5412350858791136,0.25453069434288744,2.287550093621491,0.2863103518222368,0.3764729936142399,0.11334172435494018,0.6876025341581695,0.5185053347565977,0.23692503546655247,0.31777540417092853,0.3606287004254615,0.08273503783994879,0.7264085138497315,0.0008722197993894462,0.20451875282422052,0.4585215747356415,0.3630026153804995,0.2335009760047852,0.11389601892395189,0.008094006520657754,0.7927440045168623,,0.008094006520657754
13.0,0.1537820250346424,0.052812499323375374,28.78464,28.78464,0.5412350858791136,0.2690406421152947,2.432551809390937,0.2929517633065592,0.37215347610756305,0.11334172435494018,0.6957988258694845,0.534263266697104,0.23292903767679138,0.32878240497940103,0.3768686949358294,0.08480832551233913,0.7446118513498304,0.0034497628288055198,0.20450951154489178,0.4583171606063843,0.3634325591716524,0.2337083412974193,0.11389601892395189,0.007682174700971768,0.787428877549246,,0.007682174700971768
14.0,0.15015969545057045,0.05469430676336736,30.76608,30.76608,0.5412350858791136,0.28147691666800073,2.551693177966968,0.3040240276968576,0.3724440893731528,0.11334172435494018,0.7066676038684214,0.5315345192608252,0.23249388474630184,0.34207356337487504,0.3604913717750482,0.08268720633532058,0.7259885561981814,0.000877963125548727,0.2046019619366213,0.46179330348968506,0.3609327149172783,0.23197202121328692,0.11389601892395189,0.00811297408416245,0.8663472388871014,,0.00811297408416245
15.0,0.15989985656987918,0.05915492563892327,32.4352,32.4352,0.4559241291901578,0.2344175064026902,2.07151603734319,0.2830436574891231,0.3714181326043687,0.11334172435494018,0.6667765055711248,0.5183193048510332,0.23440539219827175,0.29765126309717127,0.3504298488408498,0.08151734961366934,0.7157172865550138,0.0025906735751295338,0.20452799493876814,0.46035921573638916,0.36209246373133375,0.23290096866923868,0.11389601892395189,0.011287592524560332,0.5908916601911187,0.011287592524560332,
16.0,0.1623285325801361,0.06056506354187195,34.41664,34.41664,0.5412350858791136,0.24430253313617456,2.1772122212279865,0.28057195979058575,0.3799843080224594,0.11334172435494018,0.676659505862027,0.5270122149592303,0.24026439491520316,0.303639555026824,0.35094376143913897,0.08158574686449095,0.7163178101858465,0.02867965367965368,0.2045002711006687,0.4590602517127991,0.3657038515815497,0.23592524395088865,0.11389601892395189,0.005492635977976512,0.6070251243654639,,0.005492635977976512
17.0,0.15711056403623225,0.05161935618788481,36.39808,36.39808,0.5412350858791136,0.2643227195597439,2.371300093594322,0.2976388640412914,0.37387375920879684,0.11334172435494018,0.6949438856962548,0.5195637802945657,0.23469947376395553,0.32192819076717105,0.3568458815384965,0.0821454446807795,0.721231922387277,0.0316554229372081,0.20451875282422052,0.46067968010902405,0.3662688982892309,0.2363002716060509,0.11389601892395189,0.00601027854131432,0.6805662553524598,,0.00601027854131432
18.0,0.15381368868526826,0.08157547337517715,38.37952,38.37952,0.5412350858791136,0.2750222460903085,2.4824276498900524,0.2992452036788202,0.3706859237165702,0.11334172435494018,0.7021557077424087,0.5279272508666226,0.23151172360757455,0.3341052938277612,0.34412865617609467,0.08079479773010047,0.7093733257177932,0.04020100502512563,0.2045002711006687,0.452978253364563,0.3665837403635259,0.23679876372200093,0.11389601892395189,0.0070128789256556625,0.8206393599975854,,0.0070128789256556625
19.0,0.14843146037212332,0.07535671008672336,40.36096,40.36096,0.5412350858791136,0.2870013391765287,2.6152839524303007,0.31011250208596236,0.36531113256976383,0.11334172435494018,0.7101351741018203,0.5195544300212883,0.22724264146278245,0.33866539921391364,0.3463085837898531,0.08105359135969545,0.711645517775426,0.050111133562335826,0.20450951154489178,0.45536094903945923,0.3667613690296868,0.23715110583603777,0.11389601892395189,0.008325033532127636,1.010834296233952,,0.008325033532127636
20.0,0.16198664919853867,0.07880421158334287,44.01152,44.01152,0.9971592150692714,0.2340183921227851,2.0626376898705465,0.28143848345234934,0.38028669940967674,0.11334172435494018,0.6699777907053436,0.5148227754012077,0.24122670470847177,0.3002377475563804,0.35685914630898785,0.08233366339593619,0.7228844710622431,0.012802275960170697,0.20450951154489178,0.45808276534080505,0.3620090145542539,0.2329392612895131,0.11389601892395189,0.007190727648584704,1.3156614209292457,0.0102081569964492,0.005835015111531756
21.0,0.16146500773700692,0.056186589835081235,45.99296,45.99296,0.5412350858791136,0.24945518208285017,2.2190346022611256,0.28640080922797656,0.3762358117002297,0.11334172435494018,0.6832948518137271,0.516751933587355,0.23710790861277556,0.3123398692453243,0.363621907808816,0.08310403770449662,0.7296483098323656,0.010699273977837218,0.20458346517199294,0.4619028866291046,0.3618055902463848,0.23262934038305016,0.11389601892395189,0.005698435070239183,0.7364806231344119,,0.005698435070239183
22.0,0.15648518867869582,0.06992363375139879,47.9744,47.9744,0.5412350858791136,0.2665043729579997,2.387381983013324,0.2962672716181694,0.37118325922626444,0.11334172435494018,0.6955689575858688,0.5318830730481443,0.23239919673939102,0.32491628838871306,0.34558884763354236,0.08117377684874044,0.712700738933992,0.026924202516827627,0.2045002711006687,0.42820319533348083,0.36257904385655215,0.23380176670192937,0.11389601892395189,0.005818125641994092,0.7767154818866402,,0.005818125641994092
23.0,0.15164610923238275,0.06702374475289397,49.95584,49.95584,0.5412350858791136,0.2852334431001878,2.590174991924849,0.29101851482702706,0.3795153361369484,0.11334172435494018,0.708323078977153,0.5432781790921791,0.23800749699601603,0.3338096497407855,0.34690544826415737,0.08133790288581164,0.7141417553858557,0.016238159675236806,0.2045002711006687,0.44404223561286926,0.3629732731784306,0.2337587413158219,0.11389601892395189,0.006384654512066374,0.8802964922506362,,0.006384654512066374
24.0,0.14689587683049726,0.07789246928872905,51.93728,51.93728,0.5412350858791136,0.2955086156354855,2.7016212564666273,0.31201138592172745,0.36808126359765364,0.11334172435494018,0.7145619533478602,0.5361726305820868,0.22887232701962476,0.3429393953812928,0.3468635958425975,0.08132391271479725,0.7140189225498482,0.028708133971291867,0.2045002711006687,0.45264673233032227,0.3645215223852381,0.23501459414767373,0.11389601892395189,0.007723537783600896,1.1000419659540057,,0.007723537783600896
25.0,0.16297492696341082,0.11137318877273054,53.6064,53.6064,0.4559241291901578,0.23981099726361294,2.1154209361657483,0.285591170950334,0.37204152875872354,0.11334172435494018,0.6757666213352083,0.5305255286719079,0.23426734868166554,0.30355461239055714,0.3482650056680854,0.08153026547356738,0.7158306870058817,0.03275109170305677,0.2045002711006687,0.4532138705253601,0.3652630000714058,0.23558413164039863,0.11389601892395189,0.008916564331653377,0.5494507970288396,0.008916564331653377,
26.0,0.16100356735231755,0.07877386620658652,55.58784,55.58784,0.5412350858791136,0.2558523297198608,2.2825943367593995,0.28316567275306664,0.3803980757767783,0.11334172435494018,0.6897853181254087,0.5242664386147293,0.24001039757368467,0.31279969868256,0.35249078255319,0.0819573950403425,0.71958085817789,0.020195439739413682,0.2045002711006687,0.45485231280326843,0.3639693659522092,0.23438422799123135,0.11389601892395189,0.00433993156160549,0.6428401281591505,,0.00433993156160549
27.0,0.15416117138286084,0.06908062008263245,57.56928,57.56928,0.5412350858791136,0.2718515350095881,2.447495169579368,0.2938577230961319,0.3760465329748567,0.11334172435494018,0.7013668060085011,0.5267962285262972,0.23625239645273644,0.3281542239131343,0.34961200107081963,0.08168220514064828,0.7171647078831377,0.027445255474452555,0.2045002711006687,0.44282209873199463,0.3634895178939791,0.234269940566935,0.11389601892395189,0.00523319558738353,0.796439373283647,,0.00523319558738353
28.0,0.15289904007786367,0.11807058209871557,59.55072,59.55072,0.5412350858791136,0.28694154668843896,2.618459628104135,0.30341876603936613,0.37253661758311507,0.11334172435494018,0.7122719749666667,0.5382661412878558,0.23240665456733456,0.3354168673121796,0.34929330774382994,0.08165519491324973,0.7169275597575602,0.04217159476490548,0.2045002711006687,0.43405604362487793,0.36513449094382977,0.2356961397266987,0.11389601892395189,0.006100443719467649,0.9598098386777565,,0.006100443719467649
29.0,0.14582147032651738,0.08763414604871261,61.53216,61.53216,0.5412350858791136,0.30079374135158005,2.7533530173230902,0.31410355610641266,0.3678219924789317,0.11334172435494018,0.7214742746144512,0.5279345748333002,0.22778805161125582,0.34738153988671194,0.3526152731144713,0.08193518952794182,0.7193858951527512,0.04309545875810936,0.2045002711006687,0.4395536482334137,0.36587649841656333,0.23625125478748824,0.11389601892395189,0.006468823202499041,1.058810171089135,,0.006468823202499041
30.0,0.162070162530368,0.10666181854149785,65.18272,65.18272,0.9971592150692714,0.24313022926254196,2.137481300542693,0.2823029699087421,0.3745224704451347,0.11334172435494018,0.678148550347779,0.523834225192169,0.23631405117830742,0.30867756860763995,0.36498010987195595,0.08327948287523029,0.7311887075775301,0.03981770208683137,0.2045002711006687,0.45495086908340454,0.36639588949028634,0.2363671232326876,0.11389601892395189,0.005768084387292656,1.3566706547280774,0.007836282614879446,0.004947831405149441
31.0,0.16089016217932856,0.06624554809786541,67.16416,67.16416,0.5412350858791136,0.25834521942221095,2.2935706087571153,0.2949631177689346,0.37351127302706644,0.11334172435494018,0.6920724014115045,0.5161015935593838,0.23479034197672963,0.3174536019557752,0.38277529518945885,0.08528838262391647,0.7488267230908512,0.04402659940380647,0.20457531143827856,0.4634886085987091,0.3666540942660539,0.23656604540825604,0.11389601892395189,0.004692190006409483,0.8036910488735884,,0.004692190006409483
32.0,0.1543412042882119,0.06920144583647055,69.1456,69.1456,0.5412350858791136,0.27338855783629257,2.4460733217466046,0.2896880700557021,0.3776688151469463,0.11334172435494018,0.7030815192365852,0.5352300367954017,0.23680403721707177,0.32881254535829463,0.37225008256284303,0.08411674711631875,0.7385398358171177,0.05132317562149158,0.20450951154489178,0.4466818571090698,0.36763475201523377,0.23757390983468793,0.11389601892395189,0.004693720841951892,0.8271708044339903,,0.004693720841951892
33.0,0.15148886612175608,0.10305003215680823,71.12704,71.12704,0.5412350858791136,0.2954202019949982,2.665520662260306,0.30554334558781476,0.3746850494527456,0.11334172435494018,0.7185322832758136,0.5336768847054996,0.23391817452728683,0.3420809833133818,0.3859584385249294,0.08572386630735546,0.7526502428903427,0.04321728691476591,0.20450951154489178,0.45949670672416687,0.36731086099349997,0.23688196163087638,0.11389601892395189,0.005257329086153219,0.9574102030601352,,0.005257329086153219
34.0,0.14827952848884987,0.20876285418749768,73.10848,73.10848,0.5412350858791136,0.30653281907464713,2.78981415863248,0.3099559316767817,0.3729888069823787,0.11334172435494018,0.7256827417080179,0.5331997841315271,0.23168395371715186,0.34718248140845825,0.3611879039950878,0.08294015784860823,0.7282094548360569,0.049153242461792646,0.2045002711006687,0.4262903928756714,0.36761331972511174,0.23760671864734983,0.11389601892395189,0.0052316643479027175,0.9861967850592919,,0.0052316643479027175
35.0,0.16243057959648644,0.13490494522242408,74.7776,74.7776,0.4559241291901578,0.2500329918227127,2.2087260447500134,0.28453511418152305,0.3749237987363465,0.11334172435494018,0.6822951755139542,0.5227797666010128,0.23631473703792116,0.30998293772149427,0.354103675739435,0.08208239131968695,0.7206783177776668,0.045785194694052206,0.2045002711006687,0.4263378083705902,0.3671415087588031,0.23726506524601496,0.11389601892395189,0.006856907040256745,0.4963710904121399,0.006856907040256745,
36.0,0.1618381743614809,0.11281401263094545,76.75904,76.75904,0.5412350858791136,0.265009633796806,2.3515267470043364,0.28739714598688465,0.37562629079634924,0.11334172435494018,0.6950762154594348,0.5336152688334617,0.23584491937212726,0.3192685263603217,0.35047610611997104,0.08166112353361192,0.7169796126775675,0.04723762579585131,0.2045002711006687,0.4192735552787781,0.36773980966547404,0.2378366284971689,0.11389601892395189,0.004526894468116301,0.8792822493705899,,0.004526894468116301
37.0,0.15714757770815338,0.10422642320597572,78.74048,78.74048,0.5412350858791136,0.2818486732508624,2.5233057318121346,0.3012790440075575,0.3688074156698226,0.11334172435494018,0.7073012007620499,0.5203409249299422,0.2300739008879,0.3338849974337551,0.3467047448824465,0.08132353107369153,0.7140155717645501,0.04843717656799834,0.2045002711006687,0.42208191752433777,0.3674980722575131,0.23767371368446774,0.11389601892395189,0.003989819287416032,0.7959331700112671,,0.003989819287416032
38.0,0.15077831797883343,0.13088535668957832,80.72192,80.72192,0.5412350858791136,0.29258974499719365,2.640998594701452,0.30506026299279204,0.3668966839088817,0.11334172435494018,0.7133561003633583,0.5233012297117461,0.22817881777784255,0.3390204020411074,0.35313518435069313,0.08194845300600243,0.7195023476695811,0.042727272727272725,0.2045002711006687,0.4300124943256378,0.36571690103141236,0.23621823390928193,0.11389601892395189,0.005100088105241177,1.046226023696363,,0.005100088105241177
39.0,0.14681201512284286,0.1199194781766729,82.70336,82.70336,0.5412350858791136,0.3145265898492823,2.8633425924680838,0.3085453402744125,0.36674682724590263,0.11334172435494018,0.7289961625707738,0.5374914739775611,0.22672760095391423,0.35993595229068237,0.35484399299660274,0.08214181648799634,0.7212000670790982,0.0404569252736792,0.2045002711006687,0.4221474528312683,0.36536706732878044,0.2359232466231275,0.11389601892395189,0.006063370753164866,1.2895698773209006,,0.006063370753164866
40.0,0.16231482700137348,0.15581835953232917,86.35392,86.35392,0.9971592150692714,0.2513141643945023,2.2076025813947475,0.28150602942484954,0.37993898622414973,0.11334172435494018,0.6832379342196282,0.5268155749186245,0.23991271998091118,0.3063322707708333,0.3647633431920153,0.08341184832427746,0.7323508680314047,0.023381294964028777,0.2045002711006687,0.44012564420700073,0.36383723368179854,0.23440240521101058,0.11389601892395189,0.004319389223328215,1.283573129796423,0.006463117179927916,0.0035543484429272454
41.0,0.16232462857516278,0.10773026251428548,88.33536,88.33536,0.5412350858791136,0.26877577989158014,2.3859850629983583,0.2926605588844537,0.37388572793118674,0.11334172435494018,0.700332808897965,0.528474195169307,0.23427585223861344,0.32381103933891037,0.3614859409245101,0.08299041187422035,0.728650682071977,0.02261525079733256,0.2045002711006687,0.4444482624530792,0.3644266291718591,0.23487298983498864,0.11389601892395189,0.003368397824265551,0.7523220821167342,,0.003368397824265551
42.0,0.1532275802683463,0.0692739682866187,90.3168,90.3168,0.5412350858791136,0.28844739870850533,2.5785493459550004,0.30206379219160184,0.3729880656355427,0.11334172435494018,0.7137640755490677,0.5299632362819751,0.2332604406357365,0.33340872833262314,0.3757305098606313,0.08454256229747383,0.7422784667646961,0.03598971722365039,0.20450951154489178,0.4516235589981079,0.3660070952501454,0.23602619243734493,0.11389601892395189,0.0035988861218070683,0.823011131840758,,0.0035988861218070683
43.0,0.15021649619370137,0.12191410297924428,92.29824,92.29824,0.5412350858791136,0.30466062577014563,2.751057263210217,0.30689869932721686,0.37231160513470574,0.11334172435494018,0.7253728609030687,0.5341572502279821,0.23188416446654042,0.34426892257382086,0.37162474338253604,0.08408664193464126,0.7382755141844397,0.02806824435883324,0.2045002711006687,0.4482811391353607,0.3660199584793664,0.2359483898650694,0.11389601892395189,0.004733181466825471,1.1082237970549613,,0.004733181466825471
44.0,0.14562071851607505,0.11667427752356356,94.27968,94.27968,0.5412350858791136,0.3189577051312847,2.887316995674461,0.32193802228783347,0.36477726101793234,0.11334172435494018,0.7354031050138512,0.5272945516603857,0.22546998746020788,0.3530721576764728,0.3729912406332775,0.08425705973639167,0.7397717719409482,0.03091106290672451,0.2045002711006687,0.445970356464386,0.3666074278865345,0.2363393594169264,0.11389601892395189,0.004722398965984257,1.1431874487316236,,0.004722398965984257
45.0,0.16066615743633503,0.12192810467453788,95.9488,95.9488,0.4559241291901578,0.2575820925491819,2.2687598949003247,0.2896436284569629,0.37546498171746,0.11334172435494018,0.6872026858715609,0.5196018486033451,0.23630018862551166,0.3071475072701061,0.3753504246157195,0.08474775719363552,0.7440800652586584,0.034740780331373594,0.2045002711006687,0.4430575370788574,0.3667543977671502,0.2364612291577376,0.11389601892395189,0.006313057736569996,0.5325245973654091,0.006313057736569996,
46.0,0.16106012428802813,0.13621727660829344,97.93024,97.93024,0.5412350858791136,0.27017826880884743,2.3940627663511744,0.2963911654753232,0.36919159843645577,0.11334172435494018,0.7017829140394587,0.5180404316486239,0.2312987933240006,0.3247127945091006,0.3799569016688713,0.08531667462109346,0.749075125075787,0.03115264797507788,0.2045002711006687,0.43865635991096497,0.36595421256875776,0.2358251651129605,0.11389601892395189,0.003375258360159941,0.8361271923640743,,0.003375258360159941
47.0,0.1550434469687968,0.6244553450822246,99.91168,99.91168,0.5412350858791136,0.28660067854740856,2.551328114559265,0.3091864960844777,0.3689663470808892,0.11334172435494018,0.7151840222509086,0.5267350558667453,0.22939001550443858,0.33688676699666037,0.3809953813499787,0.08548183977115745,0.7505252648754429,0.02599009900990099,0.2045002711006687,0.4304528534412384,0.3646745421177992,0.23480161127985819,0.11389601892395189,0.0037330223873571077,0.9441269510425627,,0.0037330223873571077
48.0,0.14905892792580805,0.20843812383805105,101.89312,101.89312,0.5412350858791136,0.29948167511376045,2.692087908564169,0.320138666935183,0.35743841998105597,0.11334172435494018,0.7256826070585533,0.522726853299696,0.22118635495402558,0.3463192831829925,0.3733575465801765,0.0845249009671101,0.742123401376717,0.031064670996893532,0.2045002711006687,0.43594807386398315,0.36567527833159635,0.23565217249798934,0.11389601892395189,0.004244615345265294,1.1023538761073723,,0.004244615345265294
49.0,0.14728224252774258,0.2471636414260418,103.87456,103.87456,0.5412350858791136,0.3226141143875908,2.921571403770499,0.3137488383808646,0.3634341269301319,0.11334172435494018,0.7342919188403628,0.5313796899504747,0.2246753906955874,0.35504698913864313,0.3706360850248447,0.08416589450446635,0.7389713468445611,0.0398406374501992,0.2045002711006687,0.4291560649871826,0.3674034795422602,0.23707419374247898,0.11389601892395189,0.004307027932316655,1.1473651913693175,,0.004307027932316655
50.0,0.16307285439128655,0.17296447700641407,107.52512,107.52512,0.9971592150692714,0.25473892546174465,2.236701415120735,0.2760900256359559,0.37822342512459767,0.11334172435494018,0.6836944684580977,0.5284961850107502,0.23846851413138187,0.30832742246020667,0.36855713029980286,0.08386290459101178,0.7363111141488348,0.03113052976515565,0.2045002711006687,0.42658790946006775,0.36472540546197935,0.23515821648315416,0.11389601892395189,0.0034537571402427957,1.2556454294826835,0.005324448288982347,0.0028272477234210012
51.0,0.16167424623749568,0.12545349334504935,109.50656,109.50656,0.5412350858791136,0.2739114542433791,2.418586577663112,0.2865135248553659,0.38079042252671264,0.11334172435494018,0.6978511144449334,0.5336396454977044,0.2392921801164832,0.3258422110876594,0.3674141136856841,0.0837202227560292,0.7350583764646681,0.023997473950110516,0.2045002711006687,0.41481202840805054,0.36284859026316524,0.23366977793393978,0.11389601892395189,0.0025689743066382898,0.7109361968468875,,0.0025689743066382898
52.0,0.15540194378491404,0.10311636427238628,111.488,111.488,0.5412350858791136,0.2850019038897134,2.5364052596238893,0.2958235111891815,0.37401623113480575,0.11334172435494018,0.7100768798937079,0.5277782500221564,0.23312650104024005,0.3366883270652816,0.37997386852762655,0.08541983869796776,0.7499808992885203,0.01602787456445993,0.2045002711006687,0.4240957498550415,0.36296166733152535,0.23351792150476686,0.11389601892395189,0.0030984858578245156,0.8748578624799848,,0.0030984858578245156
53.0,0.15097708426998577,0.11326464647859184,113.46944,113.46944,0.5412350858791136,0.3042790781169554,2.721576173516107,0.2919190120074153,0.3783203101016538,0.11334172435494018,0.7239557280802776,0.5401972364805417,0.236144134670335,0.34449119606956696,0.37877877168877816,0.08512651748784307,0.747405557209878,0.02050624799743672,0.2045002711006687,0.42751607298851013,0.36329601036175746,0.23384231985189063,0.11389601892395189,0.0034161456544973966,0.9882022230885923,,0.0034161456544973966
54.0,0.14541438988057137,0.1250206135369857,115.45088,115.45088,0.5412350858791136,0.315076022696494,2.8251404584492548,0.3130007723231569,0.36711200237874336,0.11334172435494018,0.7341453019954113,0.5409891982735742,0.22734974400524052,0.35090057738094854,0.37332579646726904,0.0844457886514209,0.7414288001392318,0.023384615384615386,0.2045002711006687,0.4154336750507355,0.362739078231436,0.2335902261998902,0.11389601892395189,0.0037743449976676245,1.1195069703971967,,0.0037743449976676245
55.0,0.16241629796946835,0.2506434508302709,117.12,117.12,0.4559241291901578,0.2607869113451669,2.288395091341647,0.28654929637663185,0.3735659534485554,0.11334172435494018,0.6890577832480242,0.536213479862039,0.23469987267133768,0.31762278537065247,0.36787122746538875,0.08381180984744181,0.7358625054612555,0.03004043905257077,0.2045002711006687,0.4187915623188019,0.36442949632806604,0.23487649376803385,0.11389601892395189,0.004736893789182957,0.46502541610971093,0.004736893789182957,
56.0,0.16279559963302198,0.22626511002542507,119.10144,119.10144,0.5412350858791136,0.276712680983929,2.4423694393008946,0.2990809659614318,0.3679637853503977,0.11334172435494018,0.704146856031283,0.5294193088745756,0.22987471818612518,0.3228726835773162,0.3647188302866862,0.08338473485403113,0.7321128134400108,0.034787262510034785,0.2045002711006687,0.41714170575141907,0.36533984626039684,0.23563677816357217,0.11389601892395189,0.0026781783471343254,0.8143040278810076,,0.0026781783471343254
57.0,0.15476756959819443,0.12700511836652137,121.08288,121.08288,0.5412350858791136,0.2918727054078667,2.600284518378979,0.29525586917990493,0.3753122738617031,0.11334172435494018,0.7158565083401609,0.5356636957337525,0.2344595751635128,0.3340427045783825,0.3647013489004095,0.08335811012588096,0.7318790499739852,0.0341060484945377,0.2045002711006687,0.42326363921165466,0.3649269971992608,0.2353893536668129,0.11389601892395189,0.0030448831902112165,0.9429069559555501,,0.0030448831902112165
58.0,0.15037953300857668,0.11156782482295471,123.06432,123.06432,0.5412350858791136,0.30489619869293055,2.728544588083191,0.31008457066652734,0.36623322580588763,0.11334172435494018,0.7263609301969507,0.527152917492382,0.22703405757599027,0.3430588032174205,0.36586733101121627,0.08354126163464712,0.7334871088903241,0.04022121669180493,0.20450951154489178,0.4343777596950531,0.3662487192760866,0.2363717247228022,0.11389601892395189,0.003060091959787957,0.970164395053871,,0.003060091959787957
59.0,0.1449009974270527,0.1328192904216007,125.04576,125.04576,0.5412350858791136,0.31877144787838285,2.864363919440319,0.3078094582339827,0.3697610748451158,0.11334172435494018,0.7337373901572221,0.5464217351921854,0.22926868785348783,0.3557874820797168,0.36168203865743154,0.08307405578310542,0.7293850704173759,0.04341670599339311,0.2045002711006687,0.41463255882263184,0.3667870899908459,0.2369188575201608,0.11389601892395189,0.003979373513477218,1.2923388585913926,,0.003979373513477218
60.0,0.16666978925191892,0.8583093094601937,128.69632,128.69632,0.9971592150692714,0.26308827450875594,2.305492430433986,0.28802661371199606,0.3709334130952799,0.11334172435494018,0.6882853001844584,0.5213384362832039,0.23285137597236538,0.31436213505515065,0.36182659579204834,0.08305953588003762,0.7292575865667111,0.038154163444186644,0.2045002711006687,0.4124507009983063,0.3662992670087379,0.23644767418463083,0.11389601892395189,0.0031030623407018996,1.3549984053242952,0.004423895114451888,0.0026841520044960042
