round,train_loss,grad_sq,upload_mb,download_mb,payload_fraction,fed_auprc_lift,fed_prevalence,fed_ece,fed_brier,fed_auroc,fed_f1_best,fed_f1_best_threshold,fed_auprc,fed_f1,global_auroc,global_auprc,global_auprc_lift,global_f1,global_f1_best,global_f1_best_threshold,global_ece,global_brier,global_prevalence,divergence_total,dispersion_abs,divergence_slow,divergence_medium
1.0,0.6298967523336859,0.12409299549268668,3.65056,3.65056,0.9971592150692714,1.8195062867114469,0.11335599194360522,0.2558364263404637,0.1694224706567247,0.651163950080245,0.2851423865144646,0.3768350552891315,0.204597349960095,0.006341597268220421,0.6394756733646771,0.19554811577785794,1.7169003589881835,0.010484927916120577,0.2561386615310544,0.47950947284698486,0.3599546131361016,0.22954649048352924,0.11389601892395189,0.02597341928496924,2.7979413410648704,0.020929506786063735,0.029415160657518653
2.0,0.612425745577011,0.27649016629355405,5.632,5.632,0.5412350858791136,1.9577288286731098,0.11335599194360522,0.15324382065895717,0.12576354916837842,0.6711987647737016,0.2991455316636411,0.29194883137288585,0.21920394181326217,0.002390960324757777,0.6478516041386887,0.20347896189819836,1.786532697284712,0.019039376893119863,0.26122697518648197,0.4671105444431305,0.34215837171977803,0.21659911988517142,0.11389601892395189,0.0203794740204499,1.3633506568148732,,0.0203794740204499
3.0,0.6074401061604557,0.34369174888974485,7.61344,7.61344,0.5412350858791136,2.0826757743609297,0.11335599194360522,0.1108935733245121,0.11323098985863697,0.6843329506595314,0.3109671976712079,0.2552852475910643,0.23306158801037918,0.006255551978183931,0.6509230699031066,0.2050998720803532,1.8007641884067778,0.045454545454545456,0.26610644257703076,0.45663633942604065,0.3343355795869626,0.2111212174990888,0.11389601892395189,0.013723682746464396,0.9626622388605028,,0.013723682746464396
4.0,0.5943419524515324,0.37113772083644786,9.59488,9.59488,0.5412350858791136,2.175142199687889,0.11335599194360522,0.09035020712035623,0.1093488146904326,0.6949001814270233,0.314199832068859,0.234675588106881,0.24309849279003853,0.005450149176824137,0.649093698674311,0.20432829388202117,1.7939897795589388,0.06216768916155419,0.2663853356191481,0.46616268157958984,0.34532543681601324,0.21887147024019604,0.11389601892395189,0.011473883451374234,0.843730934895575,,0.011473883451374234
5.0,0.6084384851667205,0.4466885375855421,11.264,11.264,0.4559241291901578,1.953505702312482,0.11335599194360522,0.08483084540135132,0.11092626137848811,0.6682477078164524,0.2969120513935973,0.22805408887613904,0.2182258135761929,0.016324241883441087,0.6571955117739208,0.21006800231979447,1.8443840645567813,0.09143742735373886,0.2718497950548724,0.46959030628204346,0.34831993332464284,0.2208104352414634,0.11389601892395189,0.014740212823608236,0.6841080382000655,0.014740212823608236,
6.0,0.6002520190377862,0.3866293727782815,13.24544,13.24544,0.5412350858791136,2.0494367612587236,0.11335599194360522,0.08729676666227802,0.1104451498084674,0.680858634412937,0.3056018562498236,0.24568233471495088,0.2288691446652126,0.01854436845257184,0.6600733645968622,0.21157351745054473,1.8576023942664044,0.08480565371024736,0.27559506739317463,0.45617544651031494,0.3282396697834254,0.20652768961946272,0.11389601892395189,0.008170425046981046,0.6266615630593151,,0.008170425046981046
7.0,0.5925512897403408,0.3796542146429353,15.22688,15.22688,0.5412350858791136,2.2205628662703867,0.11335599194360522,0.07800061930972645,0.1084426886095664,0.6939309182771457,0.3138338471132479,0.22667147696753526,0.24761964827781746,0.04446866570352681,0.6605718413695085,0.21246288525877546,1.8654109886021253,0.0913312693498452,0.2769017980636238,0.44694218039512634,0.3183799651858972,0.199873635665023,0.11389601892395189,0.009653948061367087,0.7638243560213596,,0.009653948061367087
8.0,0.5832403919532274,0.4841156702209267,17.20832,17.20832,0.5412350858791136,2.3261339982373443,0.11335599194360522,0.08400675586303077,0.1073448905871815,0.7021989388290487,0.3188262703152396,0.24569961668835338,0.2588184326030092,0.054008588747530756,0.660102755412842,0.21171369754885533,1.8588331668573603,0.11140186915887851,0.27585219134918365,0.4507960081100464,0.32147962682901976,0.20187260905773524,0.11389601892395189,0.009271859861046363,0.771440458483994,,0.009271859861046363
9.0,0.5684505822436757,0.4560452664167786,19.18976,19.18976,0.5412350858791136,2.477008931796574,0.11335599194360522,0.07853975535065831,0.10629337406131324,0.7136271569607314,0.33213940067691194,0.23334405020494595,0.2745811305682596,0.06727059324484369,0.6596246087520178,0.21041801198122073,1.8474571277308327,0.10751879699248121,0.2753239515117737,0.45211663842201233,0.3243560567509457,0.20385744759885374,0.11389601892395189,0.011103702092854708,0.967715275241062,,0.011103702092854708
10.0,0.5952179267494404,0.6051708467422854,22.84032,22.84032,0.9971592150692714,1.9914402543514143,0.11335599194360522,0.07143427221566881,0.10821508803970219,0.6712712234697256,0.296191053491674,0.20453390630181556,0.2237396032544219,0.04064260228581854,0.660174475529548,0.21325217715810163,1.8723409226488383,0.133764832793959,0.27550554964269425,0.46599334478378296,0.33708275236086993,0.21243825890993215,0.11389601892395189,0.009128688275648989,1.286869338946417,0.012119888065084447,0.007495875501551728
11.0,0.5963138603313758,0.4148367020083522,24.82176,24.82176,0.5412350858791136,2.182025792644797,0.11335599194360522,0.07608136577411646,0.1088760572386972,0.6866407170151303,0.3105212115658089,0.20906881080454537,0.2435889944136397,0.05419516309260171,0.6605959237674016,0.21446503683436785,1.8829897555731572,0.10374858008330178,0.27769531777088113,0.45871448516845703,0.3325598805586329,0.20933581066840137,0.11389601892395189,0.007242207396718326,0.6739478167146444,,0.007242207396718326
12.0,0.5789439238371921,0.4015196676676857,26.8032,26.8032,0.5412350858791136,2.33563471407681,0.11335599194360522,0.08394509500649,0.10977958440690405,0.7000784823257483,0.31742165738654204,0.224736537366509,0.25930273057844233,0.09399551056988188,0.6603682767128005,0.2140319140404064,1.8791869642372225,0.1092690278824416,0.2766942612599972,0.4607563316822052,0.33368995695566755,0.21012603064618907,0.11389601892395189,0.007287803823053943,0.7011969366576523,,0.007287803823053943
13.0,0.5615604374491356,0.44449477348190297,28.78464,28.78464,0.5412350858791136,2.457640514572345,0.11335599194360522,0.0740524976779116,0.10673397643328311,0.7097984501398543,0.3266684475601999,0.22149953493625224,0.27194870411610805,0.08747902036120071,0.6603933756162848,0.21421104477540276,1.8807597210086069,0.12966316551973922,0.27795843347942883,0.4652163088321686,0.33878797583997833,0.2136417980555141,0.11389601892395189,0.00840871383809097,0.845811833278276,,0.00840871383809097
14.0,0.5469921880171926,0.4958155125427883,30.76608,30.76608,0.5412350858791136,2.624429414088521,0.11335599194360522,0.07338848182010242,0.10477905698311998,0.721165300493729,0.3338139213362782,0.23606737448823564,0.29040587913655663,0.10855783048720057,0.6607561426177925,0.21541250767100698,1.8913084909037725,0.16413974950560317,0.27712854757929883,0.4623917043209076,0.33384048022587426,0.20985715714955924,0.11389601892395189,0.008568589900380237,0.8991134215611964,,0.008568589900380237
15.0,0.5923452244859174,0.7188597185900214,32.4352,32.4352,0.4559241291901578,2.109463032217863,0.11335599194360522,0.0768732804315463,0.10884427121465412,0.6761536196977298,0.2986110199430457,0.21927061423092842,0.23690474631890573,0.07141020256563246,0.6600897290819339,0.21523463630725154,1.889746791333973,0.17111255692908262,0.2795275590551181,0.4678557217121124,0.33969577169723125,0.2140405996356561,0.11389601892395189,0.01091486220759816,0.5832614519167691,0.01091486220759816,
16.0,0.5852622674151352,0.6249825815389696,34.41664,34.41664,0.5412350858791136,2.3315683058998435,0.11335599194360522,0.07976538698988041,0.10921933267175163,0.6931226276993008,0.31099669311783507,0.22107064821508837,0.26038249565208044,0.07442820675636815,0.6597067825620249,0.21385170829617844,1.87760476895129,0.1968880909634949,0.27816695855224755,0.47494903206825256,0.35047349175819364,0.2216911669806193,0.11389601892395189,0.006100579424204232,0.664552619564347,,0.006100579424204232
17.0,0.5658855549191999,0.5122297842687338,36.39808,36.39808,0.5412350858791136,2.4977767165695957,0.11335599194360522,0.0872258408745884,0.10879331668797897,0.7052903048962319,0.3253495108493342,0.23977408976146852,0.27740436530305973,0.0904374318471595,0.6573764748680413,0.21352633662368753,1.874748025795867,0.20256111757857975,0.2761811299593439,0.47845175862312317,0.3584759448418662,0.2277326619548103,0.11389601892395189,0.006528588819542895,0.7313202930381522,,0.006528588819542895
18.0,0.5512819753222901,0.5409246125495579,38.37952,38.37952,0.5412350858791136,2.6282324107177137,0.11335599194360522,0.06990854170650906,0.10520362013797657,0.7164697614027274,0.33473980012954796,0.24185114594463408,0.28994114886004113,0.1250783105937627,0.6610141091478023,0.21413907530947757,1.880127833550159,0.19572953736654805,0.27864845434938895,0.4723545014858246,0.345155359887952,0.21773619375118863,0.11389601892395189,0.007140693269755627,0.8292973933275789,,0.007140693269755627
19.0,0.5336971956088649,0.6609300588083894,40.36096,40.36096,0.5412350858791136,2.826839687424563,0.11335599194360522,0.07421770657544952,0.10398554579323076,0.7279081964272701,0.3462232266343421,0.24753187285700567,0.31106887021654595,0.1313839125326631,0.6599342915726566,0.21277142881483685,1.8681199819363647,0.19717480871100648,0.27735644637053086,0.47495946288108826,0.3547757834989559,0.22496671181704303,0.11389601892395189,0.007755844372326954,0.9432587533956394,,0.007755844372326954
20.0,0.5856615146824149,0.8048917247078433,44.01152,44.01152,0.9971592150692714,2.1351133961813704,0.11335599194360522,0.07404359735263377,0.1075355623575923,0.6782022722062712,0.3030879453376402,0.21509747042377883,0.2396224081466552,0.07896651126202171,0.6586640862651321,0.21450705822095134,1.8833587007477164,0.19924484461225675,0.27718667956335497,0.47864240407943726,0.35953289693834267,0.22866869563434195,0.11389601892395189,0.006786381830261324,1.2443039815407246,0.01031858749699575,0.0051785035442119
21.0,0.582359473877536,0.6403107534031618,45.99296,45.99296,0.5412350858791136,2.316788565685303,0.11335599194360522,0.08066876184545581,0.10899662061932235,0.6944853438078945,0.3164865692339134,0.2348559617701719,0.2569760235858001,0.09497877603158403,0.6583783226995135,0.2135080812514329,1.874587744756836,0.21073446327683615,0.2776333893900015,0.4817424416542053,0.36066028839497044,0.22950801989165068,0.11389601892395189,0.005318073333192252,0.68111422797665,,0.005318073333192252
22.0,0.561343598443613,0.5924728539359216,47.9744,47.9744,0.5412350858791136,2.5886803660085156,0.11335599194360522,0.0774535031828076,0.1065298645252192,0.7111238522890421,0.33137481890798626,0.24694211856618692,0.2862998450007283,0.1142849903240563,0.660866075815053,0.21342395058088964,1.8738490826741918,0.2096590909090909,0.2772468852062417,0.4776356518268585,0.35706550658958125,0.22665318125002587,0.11389601892395189,0.005017932425523582,0.6630675867199898,,0.005017932425523582
23.0,0.5432911255890981,0.7235116253583752,49.95584,49.95584,0.5412350858791136,2.760689233596499,0.11335599194360522,0.08398823984468956,0.10582725737012408,0.7227960391935546,0.3449473761506627,0.2501120395894647,0.303104974385698,0.11485118045099128,0.6482461087036522,0.20812095255578017,1.8272890880825436,0.20855766506092377,0.2775156230072695,0.48499080538749695,0.36867732236499223,0.23581036522272592,0.11389601892395189,0.006191343336246769,0.8467294180300087,,0.006191343336246769
24.0,0.5299117261871782,0.7609331991564132,51.93728,51.93728,0.5412350858791136,2.8977115092195236,0.11335599194360522,0.068464740865991,0.1018169665223083,0.7309666626032577,0.35163120380494683,0.2286949311336174,0.3180511012699169,0.15429180551843155,0.6571578759681463,0.2137629188431615,1.8768252030467414,0.22376502002670226,0.27859368046283933,0.48378413915634155,0.36242853609273284,0.23070302115497146,0.11389601892395189,0.006302812631987995,0.9007251966977492,,0.006302812631987995
25.0,0.5856029291293352,0.9821829209791444,53.6064,53.6064,0.4559241291901578,2.1844280340758586,0.11335599194360522,0.07742966338628687,0.10940513820268759,0.6805637214740333,0.30804000984478835,0.22894533270217798,0.24620438053405233,0.08950611626343852,0.6582842645587069,0.2145653338016157,1.8838703567407433,0.23035300180365886,0.2823383084577114,0.4877839684486389,0.36461195793675755,0.23232655112400172,0.11389601892395189,0.008715951391063221,0.5388893564231694,0.008715951391063221,
26.0,0.5766481243668895,0.8069881104217977,55.58784,55.58784,0.5412350858791136,2.380154566864654,0.11335599194360522,0.08334405115044236,0.10863680972949408,0.6959921985890895,0.31937399787192583,0.2410068464618315,0.2655520468011771,0.10776741424174606,0.6591141221540541,0.21085546731040333,1.8512979584579778,0.22792769190463716,0.2792234613795952,0.4863293468952179,0.36521946274374456,0.2328696152825495,0.11389601892395189,0.004626510040160237,0.6834548631450161,,0.004626510040160237
27.0,0.5620147074075097,0.7223986194404739,57.56928,57.56928,0.5412350858791136,2.630574457984621,0.11335599194360522,0.08918142866197065,0.10840897244089849,0.713121160727096,0.33375382297925343,0.24973858722597211,0.2909483361024613,0.1260381653797884,0.6351797826926897,0.2024247101218618,1.7772764319095324,0.2404848484848485,0.2771855010660981,0.49308305978775024,0.37506269353722055,0.2407465470325025,0.11389601892395189,0.005370973429535842,0.8122679139487445,,0.005370973429535842
28.0,0.5429532987342591,0.7057945673820252,59.55072,59.55072,0.5412350858791136,2.7665220114228557,0.11335599194360522,0.0766517254361268,0.10417598637837633,0.7227249279289433,0.34372946635860196,0.23432835082787073,0.3047836810328335,0.12705707157569815,0.6572027653570277,0.20862306418566812,1.8316975971299336,0.22687974849358133,0.2790902421129861,0.4901660680770874,0.3693650848441686,0.23615202744173364,0.11389601892395189,0.005381389891306531,0.8440394351491705,,0.005381389891306531
29.0,0.5249352453253604,0.921284916729934,61.53216,61.53216,0.5412350858791136,2.943258854444307,0.11335599194360522,0.06794162728528075,0.10146959783604607,0.7316727852986725,0.3539106067347574,0.24248513580587847,0.321458246963427,0.13786620142549466,0.6602358047002115,0.2124581487284901,1.8653694021592442,0.23267577137076378,0.2779299408966412,0.48723334074020386,0.36402780740044727,0.2317329247380309,0.11389601892395189,0.006341614120698712,1.0331982063362375,,0.006341614120698712
30.0,0.5831033377791027,1.1629577702661704,65.18272,65.18272,0.9971592150692714,2.1918688971369287,0.11335599194360522,0.07389697851953149,0.10783712980242807,0.6815311213548526,0.3086065636851533,0.21933073351161567,0.24777815817423354,0.08210083661978984,0.6559560024253572,0.20818961338765568,1.8278919259387232,0.22505985634477255,0.27511844469857866,0.4907471537590027,0.366845285601798,0.23416001378487575,0.11389601892395189,0.005644810136485056,1.3229083444457501,0.008238277707211463,0.0046199052546526806
31.0,0.5769340590827797,0.7801432578155845,67.16416,67.16416,0.5412350858791136,2.4118164297015587,0.11335599194360522,0.07008937415173902,0.10660305235218027,0.6957345846397028,0.32178486144528623,0.24499208280068238,0.26965122961436827,0.12065338293675182,0.6601799345410557,0.2118303285976974,1.8598571802508395,0.2292796281951975,0.2770226537216829,0.48853403329849243,0.35600831246566833,0.22570071705938832,0.11389601892395189,0.004654986628452178,0.7934140625875443,,0.004654986628452178
32.0,0.5570216210939816,0.8612691662977123,69.1456,69.1456,0.5412350858791136,2.5821784671177523,0.11335599194360522,0.08174881644310227,0.10842424898314308,0.7146661290723177,0.33758471519297056,0.24067539829396892,0.2860698798760892,0.11139014895299085,0.6602837812542213,0.21059314251608285,1.84899476299251,0.2336448598130841,0.2782859894077997,0.49188125133514404,0.35637740191242656,0.22591566006832023,0.11389601892395189,0.004479858039996996,0.7881411403650418,,0.004479858039996996
33.0,0.5363091181532971,0.7546924618012596,71.12704,71.12704,0.5412350858791136,2.8412670987984328,0.11335599194360522,0.07910433922952077,0.10466902893333375,0.7303127299556572,0.3512782323515143,0.2467277126428029,0.3132342110657376,0.16339411429262485,0.6604792138662005,0.21141727975222496,1.856230636940768,0.20011911852293032,0.27717312436511393,0.48703533411026,0.3513279737955947,0.2222164674732328,0.11389601892395189,0.004583657599803045,0.8319586156867445,,0.004583657599803045
34.0,0.5214351792332689,0.9062276837120432,73.10848,73.10848,0.5412350858791136,2.9834259354271198,0.11335599194360522,0.07257767203749012,0.10170704774001545,0.7392162266926305,0.36226795181932625,0.25352246727145383,0.32747697548422144,0.15471981676399874,0.6593328214495631,0.20873792647740963,1.8327060809454936,0.2209051724137931,0.27634520792964673,0.4896295666694641,0.35081984155598894,0.22181848305293675,0.11389601892395189,0.005208404826382654,0.9766187404748052,,0.005208404826382654
35.0,0.5852870604118775,1.2850836595503705,74.7776,74.7776,0.4559241291901578,2.2590879663450285,0.11335599194360522,0.07101685467163477,0.10767709905740357,0.6868902986007137,0.3136966905453541,0.23163213214601602,0.25467993680418594,0.08902794074777386,0.6599194957690527,0.20675094289176132,1.8152604879878063,0.21211290764593038,0.27984026031652126,0.4894573390483856,0.350348481522862,0.2214608579153691,0.11389601892395189,0.007434399223391615,0.5320020904764533,0.007434399223391615,
36.0,0.5775559265858223,1.07736741029977,76.75904,76.75904,0.5412350858791136,2.4952128763176846,0.11335599194360522,0.08241926499713709,0.10853988864868824,0.7044641831446661,0.3276864294366456,0.25148259141939167,0.27902186699969983,0.1140633961602838,0.6607231250102591,0.20942631200833922,1.838750063320235,0.1855541718555417,0.28061077499279746,0.4872092306613922,0.34717508800268904,0.2191672299100009,0.11389601892395189,0.003954166474235154,0.7570407420862466,,0.003954166474235154
37.0,0.5509174820033799,0.7846777354243979,78.74048,78.74048,0.5412350858791136,2.684759263216281,0.11335599194360522,0.08243053967268842,0.10725694886930942,0.720252378451486,0.3413348947343531,0.24225606757881119,0.2968929368129351,0.12048207737259718,0.6603287710387167,0.20221637608646,1.7754472719672443,0.18359255870692284,0.281927023945268,0.488472044467926,0.34694286142641606,0.2190069636371511,0.11389601892395189,0.003558235342809427,0.6953138693934307,,0.003558235342809427
38.0,0.530247586757943,0.9126312524108904,80.72192,80.72192,0.5412350858791136,2.8123873811206335,0.11335599194360522,0.07437273042797474,0.10334398792493203,0.7317604697267712,0.35078808644981246,0.2627404885571019,0.3101953753281766,0.12930887002202668,0.6596028605521488,0.20010000856002028,1.7568656960137174,0.17568427753023552,0.28125,0.4878648817539215,0.3408140239024884,0.21467692713788614,0.11389601892395189,0.004105581061773667,0.8277337095933035,,0.004105581061773667
39.0,0.5113786440451829,1.001882459243283,82.70336,82.70336,0.5412350858791136,3.0304679848197695,0.11335599194360522,0.06680895937809087,0.1001385823431069,0.7422870409144633,0.36670378199845943,0.2705680980728818,0.3328764511637941,0.17915420022841844,0.6602473125474588,0.20137892082773662,1.7680944666046392,0.16173570019723865,0.28182476466328743,0.4858044385910034,0.33637617425467636,0.21157260657229518,0.11389601892395189,0.005024675243097407,1.0455612648511305,,0.005024675243097407
40.0,0.5804016524283465,1.4871143469751842,86.35392,86.35392,0.9971592150692714,2.313584137601044,0.11335599194360522,0.08025977554089088,0.10989572180243214,0.6875966532816543,0.3157031538250533,0.2246308178272312,0.26105918163722946,0.10615516573777704,0.6600741301134184,0.20181620079718823,1.771933757684195,0.2144177449168207,0.27928051627076755,0.4863536059856415,0.3479647799652124,0.21970889970014182,0.11389601892395189,0.004595991709728655,1.336441779974848,0.006921141609549844,0.003764716128831326
41.0,0.5735577328475377,1.0015328868319824,88.33536,88.33536,0.5412350858791136,2.5140661485969087,0.11335599194360522,0.08744870905725947,0.10892927752099418,0.7084980688686023,0.33287009498595066,0.2512580807736258,0.2815440783980051,0.10284538742802045,0.6582165226182032,0.19440563241957734,1.706869425781963,0.2319041032733979,0.27923400787722397,0.48984047770500183,0.35239415120854095,0.222983177524775,0.11389601892395189,0.0036730793027791643,0.7966051290277392,,0.0036730793027791643
42.0,0.5488767940947921,1.0961035056605306,90.3168,90.3168,0.5412350858791136,2.6938918977044364,0.11335599194360522,0.07508114308059088,0.10521396301203376,0.7199290272427222,0.3381350672789469,0.25973828956728645,0.30001039707692106,0.13376106665315318,0.6571236536132457,0.19012426183829825,1.669279256944387,0.23424598000869187,0.2799442896935933,0.49017176032066345,0.3453618434539372,0.21786371186806588,0.11389601892395189,0.0035419488595027455,0.7828184022800997,,0.0035419488595027455
43.0,0.5302656124030488,1.2311044644124007,92.29824,92.29824,0.5412350858791136,2.9566654645684323,0.11335599194360522,0.07963665509005628,0.10324126110222565,0.7355665124622325,0.36230553768074814,0.2720513678749522,0.32557917644069817,0.17250402290571912,0.6504019539195175,0.1759665361983838,1.5449753016905379,0.19909706546275396,0.2781792823633828,0.49024197459220886,0.3543699265195341,0.22453135082952555,0.11389601892395189,0.0038104362126540245,0.8690327778458595,,0.0038104362126540245
44.0,0.5102124496290603,1.270695948523454,94.27968,94.27968,0.5412350858791136,3.0916734932184675,0.11335599194360522,0.07219313567924424,0.10097686100808603,0.7456337040769493,0.36971989314836895,0.24348469645212606,0.33760363753409983,0.16887055006321613,0.6529850703188449,0.18112530526710496,1.5902689749677899,0.1951219512195122,0.27956989247311825,0.48645275831222534,0.3508251975548514,0.22190895720408213,0.11389601892395189,0.004572481673691957,1.0714896350400522,,0.004572481673691957
45.0,0.5789695542484201,1.617290726141644,95.9488,95.9488,0.4559241291901578,2.3470459284533587,0.11335599194360522,0.07201812922463809,0.10716102868996677,0.6907222800233127,0.3188350651394466,0.2160975627070302,0.26439740980062776,0.11547095499608022,0.6539948494038182,0.18460105650302336,1.6207858557925634,0.206609547123623,0.27797595455145985,0.4861994981765747,0.3477005114660474,0.21962537689881223,0.11389601892395189,0.0060808178457015,0.4975758206564933,0.0060808178457015,
46.0,0.5780306310014501,1.3942231165490733,97.93024,97.93024,0.5412350858791136,2.503579272608222,0.11335599194360522,0.080708835632137,0.10737718237847212,0.7080735860889392,0.3299154835037042,0.2316008360272373,0.280010040242735,0.09986210732396977,0.6541578542324958,0.18483531438099374,1.6228426254688308,0.2529325513196481,0.27729494839761,0.4891412854194641,0.35291897257319077,0.22334203000571162,0.11389601892395189,0.0037561924222339967,0.9026892764959484,,0.0037561924222339967
47.0,0.549325400191925,1.085390221209562,99.91168,99.91168,0.5412350858791136,2.703862851994055,0.11335599194360522,0.07988401463170836,0.10576553543434501,0.7235562912305796,0.34601147417442274,0.24506924351281512,0.30071911033123794,0.13279075725679573,0.6539131775718809,0.18441159254378106,1.6191223739515623,0.2449438202247191,0.2779706275033378,0.48686501383781433,0.3518558895724716,0.22256315062229787,0.11389601892395189,0.003534333530654234,0.8665671673370525,,0.003534333530654234
48.0,0.5254669034989986,1.2879314839131597,101.89312,101.89312,0.5412350858791136,2.9191286642590133,0.11335599194360522,0.07645292684992466,0.10302533400421082,0.7387587715804352,0.35713577855685563,0.26062234988096583,0.3228166959712029,0.15339407230391078,0.6515052013210657,0.1809565409192085,1.5887872344338283,0.26021542143956233,0.2775869176858596,0.4903508424758911,0.3522921100651062,0.2228620363746557,0.11389601892395189,0.004087371222188258,1.0280118059599772,,0.004087371222188258
49.0,0.5123158957433207,1.3397282127644077,103.87456,103.87456,0.5412350858791136,3.123535324355141,0.11335599194360522,0.06836257304604204,0.0995837911949166,0.7509362272453736,0.3717145540684297,0.2484752972641245,0.34342044122422477,0.16147236977905252,0.6541276100537975,0.18718347307479433,1.643459313532076,0.2630001762735766,0.27737426339591614,0.48735135793685913,0.3464298439953442,0.21855975906444586,0.11389601892395189,0.004433337029768308,1.1440133727155626,,0.004433337029768308
50.0,0.5804693616231031,1.7775096140751931,107.52512,107.52512,0.9971592150692714,2.367214221410431,0.11335599194360522,0.07617133076540461,0.10877336925555392,0.690367986706832,0.3159868315492586,0.23334805918660495,0.26741097563977173,0.11162988244594133,0.6498551617576642,0.17966078125646698,1.5774105447568458,0.25876288659793817,0.27727028479312193,0.4884348511695862,0.35457945963601906,0.22461112551863008,0.11389601892395189,0.004050312249901097,1.4248585673049092,0.005676033494948481,0.003513531559495323
51.0,0.5705262665543496,1.239919578706644,109.50656,109.50656,0.5412350858791136,2.5529542157860026,0.11335599194360522,0.08072168743925442,0.10798595918844403,0.7105618984499444,0.336309048869026,0.24264903561740153,0.28632369572314603,0.12319787114376829,0.6478897795708881,0.17818162902435702,1.5644236796663498,0.2614971466935213,0.2749898000815994,0.4921286404132843,0.36179258293885697,0.23006438425024964,0.11389601892395189,0.0036036445461384583,0.9692887460114434,,0.0036036445461384583
52.0,0.5461706728520105,1.2101853574902892,111.488,111.488,0.5412350858791136,2.797754168661349,0.11335599194360522,0.08009960457617706,0.10547843420921786,0.7266293004330523,0.3483589981612759,0.23795560875688074,0.31124459914526553,0.12712176119077098,0.6477329616219193,0.17571913394205127,1.5428031251854248,0.26614420062695926,0.27660868507480846,0.4888802170753479,0.3610002934149739,0.22939922755973313,0.11389601892395189,0.0032572068521118237,0.8940038982545957,,0.0032572068521118237
53.0,0.5285971466737682,1.4568092352731337,113.46944,113.46944,0.5412350858791136,3.0084702682994497,0.11335599194360522,0.08015376215679461,0.10356652744928246,0.7442248333510806,0.36728250064504797,0.2712176381952663,0.33239054654774575,0.14779217648269702,0.6465180993965771,0.17530946639628348,1.5392062694775768,0.269378131447097,0.2777777777777778,0.48991432785987854,0.36443994489570014,0.23191238715872223,0.11389601892395189,0.0035873388619892333,1.00846830685623,,0.0035873388619892333
54.0,0.5096404897477653,1.5462361324312908,115.45088,115.45088,0.5412350858791136,3.1901653359174147,0.11335599194360522,0.07001162446395794,0.09898723465415835,0.7536734722112651,0.38244767493096404,0.28032002438606335,0.35064541380459174,0.17700307631084028,0.6463428839513545,0.17480703967227573,1.534794993923308,0.2671243563738493,0.2785515320334262,0.48893773555755615,0.3622811113940889,0.23037927309212436,0.11389601892395189,0.0039180301554312125,1.1328565796138719,,0.0039180301554312125
55.0,0.5810529794834031,1.8725615662638506,117.12,117.12,0.4559241291901578,2.431982299918838,0.11335599194360522,0.08380198513465059,0.1097907810548758,0.6963853110700122,0.32082451213060964,0.24927897233898635,0.2743292055680851,0.13136282717490722,0.6435549479501449,0.17049695838242596,1.4969527468406634,0.2641338760741746,0.2766316335798625,0.49326473474502563,0.3635135195690742,0.23138383213788893,0.11389601892395189,0.0051044418101289435,0.47495031845755875,0.0051044418101289435,
56.0,0.5740840402257185,1.4618525890928329,119.10144,119.10144,0.5412350858791136,2.6397376949437956,0.11335599194360522,0.08246774738399507,0.10751196408361398,0.7115987504504029,0.3359319891383797,0.2577878738831342,0.2957773606375892,0.1415697165063079,0.6423654858151289,0.16812908726318404,1.4761629849015483,0.25190114068441066,0.2761452585653792,0.49217453598976135,0.36354726572762475,0.23147711284933684,0.11389601892395189,0.002905069620455533,0.8578994465060532,,0.002905069620455533
57.0,0.5437725499724051,1.1653120367092171,121.08288,121.08288,0.5412350858791136,2.79103373200842,0.11335599194360522,0.07369509888254855,0.10494787087597726,0.7287987156883284,0.3482697638894944,0.2412875665891972,0.3108401422146512,0.1220332067472844,0.6396415269189002,0.16636715897032625,1.4606933634915653,0.2630301299443096,0.2735193837605758,0.4954996705055237,0.37055948967332236,0.23684853731561148,0.11389601892395189,0.003032699636325829,0.9119792093988508,,0.003032699636325829
58.0,0.517935757710732,1.238893494471236,123.06432,123.06432,0.5412350858791136,3.0227791251439937,0.11335599194360522,0.07038105197190607,0.10221537726553082,0.7425872837959092,0.3639255753887323,0.2500963865545806,0.33502024927238494,0.15717698974002353,0.6304636610796674,0.16037916953409842,1.4081191866871416,0.2609032258064516,0.26635238656452564,0.4974837303161621,0.3773716639618046,0.2423220776431498,0.11389601892395189,0.0033374047942107184,1.027471391367726,,0.0033374047942107184
59.0,0.5031562496367378,1.6839047387741632,125.04576,125.04576,0.5412350858791136,3.2474411660288665,0.11335599194360522,0.07911118086554257,0.10042816400535814,0.7563006162163526,0.3807124074428714,0.2762232212038394,0.35830016425938516,0.17910123234794845,0.6327581149900239,0.16143319024215946,1.417373423297157,0.2577925396014308,0.26814897165091717,0.4955039620399475,0.3743341965181333,0.23986396801752435,0.11389601892395189,0.003716969616718796,1.175651946803555,,0.003716969616718796
60.0,0.5743867128372704,1.9735627131748306,128.69632,128.69632,0.9971592150692714,2.417623384517313,0.11335599194360522,0.08957872684005826,0.1112052041900654,0.6963217514843401,0.3248348304191625,0.24497194633578123,0.2732855485790046,0.11283602113337005,0.6264285982126869,0.16061076100333033,1.4101525454596422,0.25664621676891614,0.2639138240574506,0.49674010276794434,0.377219960023751,0.24228038700635904,0.11389601892395189,0.003485818498766846,1.4668818064965308,0.0048146356322346,0.003078246927032501
